epoch,lr,train_loss,train_loss_vfl,train_loss_giou,train_loss_bbox,AP,AP50,AP_verytiny_8gpu_polluted,AR@2000,coco_0,coco_1,coco_2,coco_3,coco_4,coco_5,coco_6,coco_7,coco_8,coco_9,coco_10,coco_11,coco_12,train_time_s,train_s_per_it,eval_time_s,checkpoint_mtime
0,1.250e-05,12.4846,,,,0.4290,0.8040,0.2460,0.4970,0.4290,0.8040,0.2460,0.3740,0.5000,0.3760,0.4170,0.4850,0.4970,0.2810,0.4390,0.5780,0.4850,18704,2.8336,767,2026-08-18 15:25
1,1.250e-05,11.0081,1.3479,0.4231,0.0327,0.4477,0.8216,0.2622,0.5147,0.4477,0.8216,0.2622,0.3968,0.5170,0.3964,0.4293,0.5014,0.5147,0.2981,0.4598,0.5929,0.5038,22626,3.4277,764,2026-08-18 22:34
2,1.250e-05,10.6657,1.3084,0.3993,0.0310,0.4653,0.8304,0.2797,0.5308,0.4653,0.8304,0.2797,0.4168,0.5322,0.4224,0.4417,0.5168,0.5308,0.3124,0.4783,0.6057,0.5117,23492,3.5589,561,2026-08-19 05:24
3,1.250e-05,10.4282,1.2784,0.3846,0.0299,0.4854,0.8414,0.3017,0.5494,0.4854,0.8414,0.3017,0.4402,0.5486,0.4445,0.4557,0.5345,0.5494,0.3329,0.5005,0.6197,0.5221,23049,3.4918,561,2026-08-19 12:04
4,1.250e-05,10.2695,1.2579,0.3740,0.0296,0.5047,0.8511,0.3219,0.5664,0.5047,0.8511,0.3219,0.4620,0.5653,0.4630,0.4689,0.5508,0.5664,0.3536,0.5206,0.6322,0.5349,23711,3.5921,564,2026-08-19 18:54
5,1.250e-05,10.1572,1.2430,0.3659,0.0294,0.5226,0.8525,0.3401,0.5819,0.5226,0.8525,0.3401,0.4803,0.5801,0.4764,0.4808,0.5655,0.5819,0.3731,0.5374,0.6455,0.5500,24230,3.6708,567,2026-08-20 01:52
6,1.250e-05,10.0326,1.2268,0.3584,0.0289,0.5357,0.8571,0.3557,0.5944,0.5357,0.8571,0.3557,0.4943,0.5924,0.4893,0.4905,0.5775,0.5944,0.3919,0.5507,0.6564,0.5625,24244,3.6729,568,2026-08-20 08:50
7,1.250e-05,9.9430,1.2152,0.3527,0.0286,0.5496,0.8617,0.3709,0.6062,0.5496,0.8617,0.3709,0.5074,0.6033,0.4939,0.5001,0.5889,0.6062,0.4104,0.5633,0.6661,0.5684,24769,3.7524,572,2026-08-20 15:58
8,1.250e-05,9.8843,1.2088,0.3466,0.0283,0.5602,0.8621,0.3857,0.6171,0.5602,0.8621,0.3857,0.5195,0.6146,0.5033,0.5090,0.5993,0.6171,0.4284,0.5748,0.6758,0.5804,24472,3.7074,596,2026-08-20 23:01
9,1.250e-05,9.7985,1.1958,0.3431,0.0282,0.5673,0.8618,0.3964,0.6245,0.5673,0.8618,0.3964,0.5265,0.6202,0.5130,0.5148,0.6063,0.6245,0.4415,0.5827,0.6824,0.5940,25131,3.8073,571,2026-08-21 06:16
10,1.250e-05,9.7440,1.1878,0.3405,0.0285,0.5728,0.8649,0.4046,0.6307,0.5728,0.8649,0.4046,0.5318,0.6270,0.5133,0.5199,0.6123,0.6307,0.4502,0.5889,0.6882,0.5953,25265,3.8275,568,2026-08-21 13:32
11,1.250e-05,9.6834,1.1800,0.3369,0.0282,0.5780,0.8653,0.4115,0.6351,0.5780,0.8653,0.4115,0.5368,0.6312,0.5145,0.5235,0.6165,0.6351,0.4594,0.5937,0.6920,0.5969,25118,3.8052,570,2026-08-21 20:46
12,1.250e-05,9.6456,1.1753,0.3345,0.0282,0.5826,0.8659,0.4141,0.6389,0.5826,0.8659,0.4141,0.5400,0.6356,0.5169,0.5262,0.6200,0.6389,0.4626,0.5975,0.6957,0.6037,26075,3.9503,569,2026-08-22 04:15
13,1.250e-05,9.5879,1.1676,0.3317,0.0281,0.5858,0.8663,0.4177,0.6426,0.5858,0.8663,0.4177,0.5446,0.6388,0.5173,0.5286,0.6234,0.6426,0.4678,0.6016,0.6989,0.6086,25724,3.897,571,2026-08-22 11:39
14,1.250e-05,9.5357,1.1612,0.3287,0.0277,0.5900,0.8697,0.4218,0.6454,0.5900,0.8697,0.4218,0.5468,0.6409,0.5193,0.5308,0.6262,0.6454,0.4733,0.6050,0.7011,0.6104,25322,3.8362,570,2026-08-22 18:55
15,1.250e-05,9.5179,1.1591,0.3277,0.0280,0.5910,0.8698,0.4255,0.6475,0.5910,0.8698,0.4255,0.5496,0.6425,0.5243,0.5324,0.6281,0.6475,0.4768,0.6074,0.7027,0.6121,25875,3.92,593,2026-08-23 02:22
16,1.250e-05,9.4689,1.1516,0.3258,0.0279,0.5943,0.8700,0.4306,0.6506,0.5943,0.8700,0.4306,0.5525,0.6444,0.5284,0.5345,0.6309,0.6506,0.4819,0.6110,0.7049,0.6142,25851,3.9163,572,2026-08-23 09:48
17,1.250e-05,9.4326,1.1477,0.3241,0.0280,0.5966,0.8699,0.4337,0.6533,0.5966,0.8699,0.4337,0.5558,0.6469,0.5336,0.5367,0.6335,0.6533,0.4853,0.6140,0.7073,0.6166,25756,3.9019,572,2026-08-23 17:12
18,1.250e-05,9.3895,1.1429,0.3217,0.0276,0.5991,0.8704,0.4370,0.6559,0.5991,0.8704,0.4370,0.5585,0.6506,0.5354,0.5388,0.6361,0.6559,0.4880,0.6165,0.7099,0.6179,25581,3.8754,570,2026-08-24 00:33
19,1.250e-05,9.3616,1.1398,0.3211,0.0278,0.6015,0.8710,0.4379,0.6581,0.6015,0.8710,0.4379,0.5613,0.6526,0.5355,0.5404,0.6382,0.6581,0.4893,0.6190,0.7113,0.6200,26081,3.9511,570,2026-08-24 08:02
20,1.250e-05,9.3288,1.1361,0.3197,0.0277,0.6032,0.8709,0.4394,0.6595,0.6032,0.8709,0.4394,0.5627,0.6541,0.5375,0.5416,0.6396,0.6595,0.4907,0.6203,0.7128,0.6234,26464,4.0091,572,2026-08-24 15:38
21,1.250e-05,9.2940,1.1325,0.3185,0.0277,0.6039,0.8709,0.4412,0.6608,0.6039,0.8709,0.4412,0.5639,0.6553,0.5388,0.5427,0.6408,0.6608,0.4921,0.6217,0.7140,0.6246,26101,3.9542,569,2026-08-24 23:08
22,1.250e-05,9.2722,1.1282,0.3186,0.0279,0.6048,0.8710,0.4434,0.6623,0.6048,0.8710,0.4434,0.5655,0.6564,0.5402,0.5436,0.6422,0.6623,0.4944,0.6234,0.7152,0.6282,26528,4.0189,598,2026-08-25 06:45
23,1.250e-05,9.2451,1.1264,0.3165,0.0278,0.6085,0.8708,0.4461,0.6639,0.6085,0.8708,0.4461,0.5671,0.6574,0.5422,0.5448,0.6438,0.6639,0.4972,0.6252,0.7165,0.6265,26530,4.0191,573,2026-08-25 14:23
24,1.000e-05,9.1600,1.1137,0.3130,0.0278,0.6093,0.8709,0.4487,0.6652,0.6093,0.8709,0.4487,0.5681,0.6581,0.5440,0.5458,0.6450,0.6652,0.4992,0.6267,0.7173,0.6268,26860,4.0692,570,2026-08-25 22:05
25,1.000e-05,9.1320,1.1108,0.3113,0.0276,0.6116,0.8743,0.4497,0.6668,0.6116,0.8743,0.4497,0.5711,0.6598,0.5443,0.5471,0.6465,0.6668,0.5016,0.6284,0.7188,0.6277,26515,4.0169,571,2026-08-26 05:42
26,1.000e-05,9.1057,1.1075,0.3103,0.0276,0.6133,0.8746,0.4523,0.6685,0.6133,0.8746,0.4523,0.5725,0.6612,0.5463,0.5482,0.6480,0.6685,0.5034,0.6302,0.7203,0.6304,26848,4.0674,573,2026-08-26 13:24
27,1.000e-05,9.0822,1.1057,0.3093,0.0276,0.6141,0.8745,0.4539,0.6696,0.6141,0.8745,0.4539,0.5734,0.6621,0.5475,0.5491,0.6491,0.6696,0.5048,0.6316,0.7209,0.6285,26869,4.0706,575,2026-08-26 21:07
28,1.000e-05,9.0610,1.1024,0.3086,0.0274,0.6144,0.8746,0.4544,0.6702,0.6144,0.8746,0.4544,0.5743,0.6625,0.5487,0.5494,0.6495,0.6702,0.5051,0.6321,0.7216,0.6314,26568,4.0249,573,2026-08-27 04:45
29,1.000e-05,9.0445,1.1018,0.3074,0.0273,0.6154,0.8749,0.4553,0.6711,0.6154,0.8749,0.4553,0.5751,0.6644,0.5474,0.5500,0.6504,0.6711,0.5058,0.6331,0.7225,0.6303,26404,4.0001,570,2026-08-27 12:19
