epoch,iter,global_epoch,lr,loss_window_median,loss_epoch_running_avg
0,100,0.0151,1.3e-05,16.7843,17.2351
0,200,0.0303,1.3e-05,17.0574,17.1977
0,300,0.0454,1.3e-05,17.0965,17.2098
0,400,0.0606,1.3e-05,16.3885,17.1083
0,500,0.0757,1.3e-05,15.3379,16.8334
0,600,0.0909,1.3e-05,14.8489,16.569
0,700,0.1060,1.3e-05,14.7301,16.3764
0,800,0.1212,1.3e-05,14.4704,16.1588
0,900,0.1363,1.3e-05,13.2946,15.9067
0,1000,0.1515,1.3e-05,13.5902,15.6589
0,1100,0.1666,1.3e-05,12.4717,15.4287
0,1200,0.1818,1.3e-05,13.1942,15.2384
0,1300,0.1969,1.3e-05,12.7514,15.0592
0,1400,0.2121,1.3e-05,12.6446,14.9021
0,1500,0.2272,1.3e-05,12.1753,14.7556
0,1600,0.2424,1.3e-05,13.0358,14.6401
0,1700,0.2575,1.3e-05,12.1866,14.5275
0,1800,0.2727,1.3e-05,11.9414,14.4191
0,1900,0.2878,1.3e-05,12.4143,14.3377
0,2000,0.3030,1.3e-05,12.7824,14.2479
0,2100,0.3181,1.3e-05,12.4811,14.162
0,2200,0.3333,1.3e-05,11.9021,14.0777
0,2300,0.3484,1.3e-05,12.0339,13.9918
0,2400,0.3636,1.3e-05,11.7885,13.9094
0,2500,0.3787,1.3e-05,11.9547,13.838
0,2600,0.3939,1.3e-05,11.6005,13.774
0,2700,0.4090,1.3e-05,11.8087,13.7085
0,2800,0.4242,1.3e-05,12.059,13.6479
0,2900,0.4393,1.3e-05,11.6787,13.5916
0,3000,0.4545,1.3e-05,11.9766,13.5413
0,3100,0.4696,1.3e-05,12.0397,13.4942
0,3200,0.4848,1.3e-05,11.7497,13.4448
0,3300,0.4999,1.3e-05,11.5801,13.395
0,3400,0.5151,1.3e-05,11.5979,13.3525
0,3500,0.5302,1.3e-05,11.6982,13.313
0,3600,0.5454,1.3e-05,11.3236,13.2712
0,3700,0.5605,1.3e-05,11.5165,13.234
0,3800,0.5757,1.3e-05,11.6215,13.1966
0,3900,0.5908,1.3e-05,11.4503,13.1609
0,4000,0.6060,1.3e-05,11.9531,13.1267
0,4100,0.6211,1.3e-05,11.6465,13.0933
0,4200,0.6363,1.3e-05,11.2163,13.0597
0,4300,0.6514,1.3e-05,11.6945,13.0278
0,4400,0.6666,1.3e-05,11.2301,12.9958
0,4500,0.6817,1.3e-05,11.1012,12.9623
0,4600,0.6969,1.3e-05,11.2729,12.9329
0,4700,0.7120,1.3e-05,11.7673,12.9057
0,4800,0.7272,1.3e-05,11.2349,12.8761
0,4900,0.7423,1.3e-05,11.3976,12.8486
0,5000,0.7575,1.3e-05,11.4063,12.8224
0,5100,0.7726,1.3e-05,11.2347,12.7991
0,5200,0.7878,1.3e-05,11.6541,12.7749
0,5300,0.8029,1.3e-05,11.4481,12.752
0,5400,0.8181,1.3e-05,11.375,12.7263
0,5500,0.8332,1.3e-05,11.1197,12.7043
0,5600,0.8484,1.3e-05,11.2162,12.6821
0,5700,0.8635,1.3e-05,11.0274,12.6607
0,5800,0.8787,1.3e-05,11.3112,12.6427
0,5900,0.8938,1.3e-05,11.506,12.624
0,6000,0.9090,1.3e-05,11.2084,12.6043
0,6100,0.9241,1.3e-05,11.0499,12.585
0,6200,0.9393,1.3e-05,11.2326,12.5643
0,6300,0.9544,1.3e-05,10.95,12.542
0,6400,0.9696,1.3e-05,10.9285,12.5225
0,6500,0.9847,1.3e-05,11.0709,12.5026
0,6600,0.9998,1.3e-05,11.4865,12.4846
1,100,1.0151,1.3e-05,11.3432,11.1782
1,200,1.0303,1.3e-05,11.0155,11.2628
1,300,1.0454,1.3e-05,10.9486,11.2759
1,400,1.0606,1.3e-05,11.1493,11.2551
1,500,1.0757,1.3e-05,11.0106,11.2695
1,600,1.0909,1.3e-05,11.2989,11.2807
1,700,1.1060,1.3e-05,11.0599,11.2666
1,800,1.1212,1.3e-05,10.9619,11.2579
1,900,1.1363,1.3e-05,11.3797,11.2695
1,1000,1.1515,1.3e-05,10.9932,11.2607
1,1100,1.1666,1.3e-05,10.8865,11.2447
1,1200,1.1818,1.3e-05,10.7689,11.228
1,1300,1.1969,1.3e-05,10.9524,11.2156
1,1400,1.2121,1.3e-05,10.8215,11.2058
1,1500,1.2272,1.3e-05,10.8248,11.1963
1,1600,1.2424,1.3e-05,11.1505,11.1893
1,1700,1.2575,1.3e-05,10.8593,11.1845
1,1800,1.2727,1.3e-05,10.9237,11.1865
1,1900,1.2878,1.3e-05,11.0848,11.1805
1,2000,1.3030,1.3e-05,10.9898,11.1781
1,2100,1.3181,1.3e-05,10.7533,11.1704
1,2200,1.3333,1.3e-05,10.7729,11.1652
1,2300,1.3484,1.3e-05,10.8828,11.1589
1,2400,1.3636,1.3e-05,10.7067,11.1554
1,2500,1.3787,1.3e-05,10.8849,11.153
1,2600,1.3939,1.3e-05,10.9414,11.1499
1,2700,1.4090,1.3e-05,10.641,11.1417
1,2800,1.4242,1.3e-05,10.7425,11.1405
1,2900,1.4393,1.3e-05,10.8252,11.1355
1,3000,1.4545,1.3e-05,10.7774,11.1363
1,3100,1.4696,1.3e-05,10.9601,11.1351
1,3200,1.4848,1.3e-05,10.7608,11.1324
1,3300,1.4999,1.3e-05,10.6717,11.1247
1,3400,1.5151,1.3e-05,11.1315,11.1205
1,3500,1.5302,1.3e-05,10.6518,11.1134
1,3600,1.5454,1.3e-05,10.9052,11.1107
1,3700,1.5605,1.3e-05,10.8395,11.1054
1,3800,1.5757,1.3e-05,10.8417,11.1018
1,3900,1.5908,1.3e-05,10.6425,11.0992
1,4000,1.6060,1.3e-05,11.0195,11.0942
1,4100,1.6211,1.3e-05,10.9019,11.0897
1,4200,1.6363,1.3e-05,10.7033,11.0871
1,4300,1.6514,1.3e-05,10.7575,11.0855
1,4400,1.6666,1.3e-05,10.5211,11.0822
1,4500,1.6817,1.3e-05,10.6398,11.0778
1,4600,1.6969,1.3e-05,10.4988,11.0712
1,4700,1.7120,1.3e-05,10.8529,11.0702
1,4800,1.7272,1.3e-05,10.6045,11.0668
1,4900,1.7423,1.3e-05,11.0341,11.0627
1,5000,1.7575,1.3e-05,11.0052,11.0617
1,5100,1.7726,1.3e-05,10.5385,11.0568
1,5200,1.7878,1.3e-05,10.8775,11.0544
1,5300,1.8029,1.3e-05,10.6747,11.0491
1,5400,1.8181,1.3e-05,10.792,11.0438
1,5500,1.8332,1.3e-05,10.7185,11.0395
1,5600,1.8484,1.3e-05,10.5703,11.037
1,5700,1.8635,1.3e-05,10.4564,11.0329
1,5800,1.8787,1.3e-05,10.6749,11.0298
1,5900,1.8938,1.3e-05,10.6852,11.0288
1,6000,1.9090,1.3e-05,10.7064,11.0249
1,6100,1.9241,1.3e-05,10.5206,11.0198
1,6200,1.9393,1.3e-05,10.4939,11.0165
1,6300,1.9544,1.3e-05,10.5925,11.0156
1,6400,1.9696,1.3e-05,10.5928,11.0132
1,6500,1.9847,1.3e-05,10.6854,11.011
1,6600,1.9998,1.3e-05,10.6928,11.0081
2,0,2.0000,1.3e-05,11.2007,11.2007
2,100,2.0151,1.3e-05,10.6508,10.7593
2,200,2.0303,1.3e-05,10.6254,10.7728
2,300,2.0454,1.3e-05,10.7592,10.7722
2,400,2.0606,1.3e-05,10.624,10.7663
2,500,2.0757,1.3e-05,10.6535,10.7414
2,600,2.0909,1.3e-05,10.5764,10.7564
2,700,2.1060,1.3e-05,10.474,10.7659
2,800,2.1212,1.3e-05,10.6158,10.7616
2,900,2.1363,1.3e-05,10.508,10.7483
2,1000,2.1515,1.3e-05,10.4925,10.7573
2,1100,2.1666,1.3e-05,10.6217,10.7527
2,1200,2.1818,1.3e-05,10.5901,10.752
2,1300,2.1969,1.3e-05,10.5172,10.7537
2,1400,2.2121,1.3e-05,10.4415,10.7532
2,1500,2.2272,1.3e-05,10.4822,10.7546
2,1600,2.2424,1.3e-05,11.0091,10.7642
2,1700,2.2575,1.3e-05,10.2383,10.7617
2,1800,2.2727,1.3e-05,10.5051,10.7549
2,1900,2.2878,1.3e-05,10.2801,10.7482
2,2000,2.3030,1.3e-05,10.4773,10.7441
2,2100,2.3181,1.3e-05,10.5629,10.7424
2,2200,2.3333,1.3e-05,10.4135,10.7338
2,2300,2.3484,1.3e-05,10.6507,10.7326
2,2400,2.3636,1.3e-05,10.3732,10.731
2,2500,2.3787,1.3e-05,10.6489,10.736
2,2600,2.3939,1.3e-05,10.2799,10.7357
2,2700,2.4090,1.3e-05,10.677,10.7353
2,2800,2.4242,1.3e-05,10.4513,10.736
2,2900,2.4393,1.3e-05,10.8466,10.7379
2,3000,2.4545,1.3e-05,10.4055,10.7362
2,3100,2.4696,1.3e-05,10.6072,10.7363
2,3200,2.4848,1.3e-05,10.6245,10.7342
2,3300,2.4999,1.3e-05,10.4395,10.731
2,3400,2.5151,1.3e-05,10.7763,10.7295
2,3500,2.5302,1.3e-05,10.3109,10.727
2,3600,2.5454,1.3e-05,10.7088,10.7245
2,3700,2.5605,1.3e-05,10.2156,10.7191
2,3800,2.5757,1.3e-05,10.436,10.7162
2,3900,2.5908,1.3e-05,10.401,10.7131
2,4000,2.6060,1.3e-05,10.5446,10.7123
2,4100,2.6211,1.3e-05,10.2124,10.7104
2,4200,2.6363,1.3e-05,10.7402,10.7084
2,4300,2.6514,1.3e-05,10.6142,10.7069
2,4400,2.6666,1.3e-05,10.3933,10.7034
2,4500,2.6817,1.3e-05,10.7419,10.7036
2,4600,2.6969,1.3e-05,10.3427,10.7017
2,4700,2.7120,1.3e-05,10.3862,10.6991
2,4800,2.7272,1.3e-05,10.4425,10.6983
2,4900,2.7423,1.3e-05,10.5291,10.6968
2,5000,2.7575,1.3e-05,10.2603,10.6973
2,5100,2.7726,1.3e-05,10.5862,10.6945
2,5200,2.7878,1.3e-05,10.5165,10.6918
2,5300,2.8029,1.3e-05,10.2268,10.6906
2,5400,2.8181,1.3e-05,10.4167,10.6888
2,5500,2.8332,1.3e-05,10.0592,10.6824
2,5600,2.8484,1.3e-05,10.4138,10.6807
2,5700,2.8635,1.3e-05,10.4238,10.6783
2,5800,2.8787,1.3e-05,10.4507,10.6761
2,5900,2.8938,1.3e-05,10.1347,10.675
2,6000,2.9090,1.3e-05,10.4136,10.6745
2,6100,2.9241,1.3e-05,10.1913,10.6729
2,6200,2.9393,1.3e-05,10.5214,10.6724
2,6300,2.9544,1.3e-05,10.4654,10.6711
2,6400,2.9696,1.3e-05,10.5243,10.669
2,6500,2.9847,1.3e-05,10.4355,10.6667
2,6600,2.9998,1.3e-05,10.5723,10.6657
3,0,3.0000,1.3e-05,10.2081,10.2081
3,100,3.0151,1.3e-05,10.4334,10.5755
3,200,3.0303,1.3e-05,10.4562,10.545
3,300,3.0454,1.3e-05,10.2041,10.5167
3,400,3.0606,1.3e-05,10.4441,10.4762
3,500,3.0757,1.3e-05,10.3974,10.4677
3,600,3.0909,1.3e-05,10.307,10.4704
3,700,3.1060,1.3e-05,10.2548,10.4844
3,800,3.1212,1.3e-05,10.3767,10.4752
3,900,3.1363,1.3e-05,10.3262,10.4757
3,1000,3.1515,1.3e-05,10.4783,10.4664
3,1100,3.1666,1.3e-05,10.2942,10.4741
3,1200,3.1818,1.3e-05,10.3129,10.4637
3,1300,3.1969,1.3e-05,10.2825,10.4617
3,1400,3.2121,1.3e-05,10.1449,10.4684
3,1500,3.2272,1.3e-05,10.224,10.4676
3,1600,3.2424,1.3e-05,10.3687,10.4728
3,1700,3.2575,1.3e-05,10.3341,10.476
3,1800,3.2727,1.3e-05,10.3466,10.474
3,1900,3.2878,1.3e-05,10.1946,10.4766
3,2000,3.3030,1.3e-05,10.2647,10.4727
3,2100,3.3181,1.3e-05,10.3545,10.4693
3,2200,3.3333,1.3e-05,10.0934,10.4643
3,2300,3.3484,1.3e-05,10.235,10.461
3,2400,3.3636,1.3e-05,10.338,10.4643
3,2500,3.3787,1.3e-05,10.2772,10.4606
3,2600,3.3939,1.3e-05,10.1969,10.461
3,2700,3.4090,1.3e-05,10.2078,10.4617
3,2800,3.4242,1.3e-05,10.3307,10.4634
3,2900,3.4393,1.3e-05,10.1526,10.4613
3,3000,3.4545,1.3e-05,10.4905,10.462
3,3100,3.4696,1.3e-05,10.1861,10.4632
3,3200,3.4848,1.3e-05,10.2812,10.4637
3,3300,3.4999,1.3e-05,10.15,10.4641
3,3400,3.5151,1.3e-05,10.5782,10.467
3,3500,3.5302,1.3e-05,10.2224,10.4657
3,3600,3.5454,1.3e-05,10.2878,10.4669
3,3700,3.5605,1.3e-05,10.447,10.4649
3,3800,3.5757,1.3e-05,10.391,10.4633
3,3900,3.5908,1.3e-05,10.0347,10.4616
3,4000,3.6060,1.3e-05,10.2339,10.4604
3,4100,3.6211,1.3e-05,10.3502,10.4577
3,4200,3.6363,1.3e-05,10.1965,10.4578
3,4300,3.6514,1.3e-05,10.1895,10.4555
3,4400,3.6666,1.3e-05,10.2529,10.4556
3,4500,3.6817,1.3e-05,10.2978,10.4539
3,4600,3.6969,1.3e-05,10.1507,10.4535
3,4700,3.7120,1.3e-05,10.1685,10.4516
3,4800,3.7272,1.3e-05,9.9905,10.4492
3,4900,3.7423,1.3e-05,10.2101,10.4488
3,5000,3.7575,1.3e-05,10.2497,10.4472
3,5100,3.7726,1.3e-05,10.2701,10.4454
3,5200,3.7878,1.3e-05,10.0823,10.442
3,5300,3.8029,1.3e-05,10.0462,10.44
3,5400,3.8181,1.3e-05,10.359,10.438
3,5500,3.8332,1.3e-05,10.307,10.4395
3,5600,3.8484,1.3e-05,10.0356,10.4368
3,5700,3.8635,1.3e-05,10.2512,10.4346
3,5800,3.8787,1.3e-05,10.3106,10.4346
3,5900,3.8938,1.3e-05,10.2506,10.4348
3,6000,3.9090,1.3e-05,10.1097,10.4344
3,6100,3.9241,1.3e-05,10.1376,10.4331
3,6200,3.9393,1.3e-05,10.4169,10.4306
3,6300,3.9544,1.3e-05,10.1786,10.4295
3,6400,3.9696,1.3e-05,10.2345,10.4287
3,6500,3.9847,1.3e-05,10.3307,10.4284
3,6600,3.9998,1.3e-05,10.3343,10.4282
4,0,4.0000,1.3e-05,10.608,10.608
4,100,4.0151,1.3e-05,9.9818,10.4749
4,200,4.0303,1.3e-05,10.3027,10.3846
4,300,4.0454,1.3e-05,10.3254,10.3873
4,400,4.0606,1.3e-05,10.172,10.3964
4,500,4.0757,1.3e-05,10.173,10.3776
4,600,4.0909,1.3e-05,10.112,10.3542
4,700,4.1060,1.3e-05,10.0843,10.3468
4,800,4.1212,1.3e-05,10.0302,10.3202
4,900,4.1363,1.3e-05,10.1524,10.3152
4,1000,4.1515,1.3e-05,10.051,10.3135
4,1100,4.1666,1.3e-05,10.2776,10.3055
4,1200,4.1818,1.3e-05,9.8796,10.3071
4,1300,4.1969,1.3e-05,10.2677,10.3105
4,1400,4.2121,1.3e-05,10.2171,10.3138
4,1500,4.2272,1.3e-05,10.2405,10.3177
4,1600,4.2424,1.3e-05,9.9478,10.3103
4,1700,4.2575,1.3e-05,10.2159,10.311
4,1800,4.2727,1.3e-05,10.0536,10.3053
4,1900,4.2878,1.3e-05,10.2983,10.3055
4,2000,4.3030,1.3e-05,10.0553,10.303
4,2100,4.3181,1.3e-05,10.0245,10.2979
4,2200,4.3333,1.3e-05,10.2155,10.2923
4,2300,4.3484,1.3e-05,10.3663,10.2891
4,2400,4.3636,1.3e-05,10.1312,10.286
4,2500,4.3787,1.3e-05,9.9835,10.2851
4,2600,4.3939,1.3e-05,10.1256,10.2883
4,2700,4.4090,1.3e-05,10.2228,10.2926
4,2800,4.4242,1.3e-05,10.165,10.2954
4,2900,4.4393,1.3e-05,10.0894,10.2944
4,3000,4.4545,1.3e-05,10.1285,10.2916
4,3100,4.4696,1.3e-05,9.9708,10.2943
4,3200,4.4848,1.3e-05,9.9342,10.2939
4,3300,4.4999,1.3e-05,10.2087,10.2995
4,3400,4.5151,1.3e-05,10.054,10.3002
4,3500,4.5302,1.3e-05,10.2184,10.3
4,3600,4.5454,1.3e-05,9.9364,10.297
4,3700,4.5605,1.3e-05,10.0174,10.2957
4,3800,4.5757,1.3e-05,9.934,10.2934
4,3900,4.5908,1.3e-05,10.2264,10.2962
4,4000,4.6060,1.3e-05,9.9961,10.2959
4,4100,4.6211,1.3e-05,10.2358,10.2946
4,4200,4.6363,1.3e-05,10.0888,10.2918
4,4300,4.6514,1.3e-05,10.0804,10.2892
4,4400,4.6666,1.3e-05,9.9993,10.2868
4,4500,4.6817,1.3e-05,10.1381,10.2847
4,4600,4.6969,1.3e-05,10.1519,10.283
4,4700,4.7120,1.3e-05,10.1814,10.283
4,4800,4.7272,1.3e-05,10.1954,10.2839
4,4900,4.7423,1.3e-05,10.2857,10.2853
4,5000,4.7575,1.3e-05,9.9952,10.2842
4,5100,4.7726,1.3e-05,10.2182,10.282
4,5200,4.7878,1.3e-05,9.8756,10.2803
4,5300,4.8029,1.3e-05,10.0296,10.2789
4,5400,4.8181,1.3e-05,10.0058,10.2785
4,5500,4.8332,1.3e-05,10.0236,10.2767
4,5600,4.8484,1.3e-05,10.0945,10.2776
4,5700,4.8635,1.3e-05,9.9049,10.2752
4,5800,4.8787,1.3e-05,10.2059,10.2766
4,5900,4.8938,1.3e-05,10.0189,10.2758
4,6000,4.9090,1.3e-05,10.2481,10.2753
4,6100,4.9241,1.3e-05,9.9896,10.2746
4,6200,4.9393,1.3e-05,9.7699,10.2732
4,6300,4.9544,1.3e-05,10.194,10.273
4,6400,4.9696,1.3e-05,10.0758,10.2719
4,6500,4.9847,1.3e-05,9.9408,10.2697
4,6600,4.9998,1.3e-05,10.2305,10.2695
5,0,5.0000,1.3e-05,9.9271,9.9271
5,100,5.0151,1.3e-05,10.0978,10.1103
5,200,5.0303,1.3e-05,10.4356,10.2149
5,300,5.0454,1.3e-05,10.1085,10.2085
5,400,5.0606,1.3e-05,10.0471,10.175
5,500,5.0757,1.3e-05,10.1243,10.1766
5,600,5.0909,1.3e-05,9.9491,10.1674
5,700,5.1060,1.3e-05,9.9949,10.2011
5,800,5.1212,1.3e-05,10.0171,10.2056
5,900,5.1363,1.3e-05,10.0624,10.1982
5,1000,5.1515,1.3e-05,10.3029,10.1998
5,1100,5.1666,1.3e-05,10.0066,10.2058
5,1200,5.1818,1.3e-05,9.9273,10.2009
5,1300,5.1969,1.3e-05,9.9229,10.1946
5,1400,5.2121,1.3e-05,10.1165,10.2024
5,1500,5.2272,1.3e-05,10.0477,10.2009
5,1600,5.2424,1.3e-05,10.1258,10.1972
5,1700,5.2575,1.3e-05,10.0695,10.1947
5,1800,5.2727,1.3e-05,10.1186,10.1886
5,1900,5.2878,1.3e-05,10.1043,10.187
5,2000,5.3030,1.3e-05,10.1093,10.1861
5,2100,5.3181,1.3e-05,10.3377,10.1892
5,2200,5.3333,1.3e-05,10.0084,10.1884
5,2300,5.3484,1.3e-05,9.8946,10.1899
5,2400,5.3636,1.3e-05,10.025,10.1894
5,2500,5.3787,1.3e-05,9.9513,10.1862
5,2600,5.3939,1.3e-05,9.8586,10.1844
5,2700,5.4090,1.3e-05,9.7111,10.1832
5,2800,5.4242,1.3e-05,10.0594,10.1823
5,2900,5.4393,1.3e-05,10.0936,10.179
5,3000,5.4545,1.3e-05,9.9283,10.1762
5,3100,5.4696,1.3e-05,10.0546,10.179
5,3200,5.4848,1.3e-05,10.006,10.1767
5,3300,5.4999,1.3e-05,9.8004,10.1744
5,3400,5.5151,1.3e-05,9.9146,10.1765
5,3500,5.5302,1.3e-05,10.2575,10.1764
5,3600,5.5454,1.3e-05,9.9237,10.1761
5,3700,5.5605,1.3e-05,9.7408,10.1731
5,3800,5.5757,1.3e-05,9.8234,10.1709
5,3900,5.5908,1.3e-05,9.8762,10.1702
5,4000,5.6060,1.3e-05,9.9405,10.1707
5,4100,5.6211,1.3e-05,9.9957,10.1686
5,4200,5.6363,1.3e-05,9.8648,10.1674
5,4300,5.6514,1.3e-05,10.1712,10.1672
5,4400,5.6666,1.3e-05,9.916,10.1666
5,4500,5.6817,1.3e-05,10.0851,10.1663
5,4600,5.6969,1.3e-05,9.9053,10.1666
5,4700,5.7120,1.3e-05,9.9435,10.1641
5,4800,5.7272,1.3e-05,9.9017,10.1611
5,4900,5.7423,1.3e-05,10.3124,10.1605
5,5000,5.7575,1.3e-05,9.9924,10.1608
5,5100,5.7726,1.3e-05,10.032,10.1622
5,5200,5.7878,1.3e-05,9.7415,10.1615
5,5300,5.8029,1.3e-05,10.1191,10.1625
5,5400,5.8181,1.3e-05,9.9547,10.1615
5,5500,5.8332,1.3e-05,10.0791,10.1626
5,5600,5.8484,1.3e-05,10.068,10.1616
5,5700,5.8635,1.3e-05,9.7408,10.1578
5,5800,5.8787,1.3e-05,9.9629,10.1573
5,5900,5.8938,1.3e-05,10.0452,10.159
5,6000,5.9090,1.3e-05,10.0626,10.1595
5,6100,5.9241,1.3e-05,10.0478,10.1584
5,6200,5.9393,1.3e-05,9.9752,10.1567
5,6300,5.9544,1.3e-05,9.9919,10.1576
5,6400,5.9696,1.3e-05,10.0333,10.1568
5,6500,5.9847,1.3e-05,9.9683,10.1569
5,6600,5.9998,1.3e-05,9.9807,10.1572
6,0,6.0000,1.3e-05,9.891,9.891
6,100,6.0151,1.3e-05,9.584,9.9584
6,200,6.0303,1.3e-05,9.9546,9.985
6,300,6.0454,1.3e-05,9.8782,10.0412
6,400,6.0606,1.3e-05,10.0966,10.035
6,500,6.0757,1.3e-05,9.9024,10.0658
6,600,6.0909,1.3e-05,9.8908,10.0718
6,700,6.1060,1.3e-05,10.0473,10.0902
6,800,6.1212,1.3e-05,9.9667,10.0825
6,900,6.1363,1.3e-05,10.1461,10.0919
6,1000,6.1515,1.3e-05,9.9836,10.0891
6,1100,6.1666,1.3e-05,9.5758,10.0788
6,1200,6.1818,1.3e-05,9.8352,10.0753
6,1300,6.1969,1.3e-05,10.097,10.0787
6,1400,6.2121,1.3e-05,9.82,10.0756
6,1500,6.2272,1.3e-05,9.9088,10.0707
6,1600,6.2424,1.3e-05,9.7931,10.0674
6,1700,6.2575,1.3e-05,9.9098,10.07
6,1800,6.2727,1.3e-05,9.7418,10.0699
6,1900,6.2878,1.3e-05,9.8247,10.0726
6,2000,6.3030,1.3e-05,9.8609,10.0694
6,2100,6.3181,1.3e-05,9.9185,10.0753
6,2200,6.3333,1.3e-05,9.9661,10.0757
6,2300,6.3484,1.3e-05,9.7815,10.0728
6,2400,6.3636,1.3e-05,10.0741,10.0758
6,2500,6.3787,1.3e-05,9.8514,10.0699
6,2600,6.3939,1.3e-05,9.8209,10.0666
6,2700,6.4090,1.3e-05,9.7032,10.0661
6,2800,6.4242,1.3e-05,9.9433,10.0632
6,2900,6.4393,1.3e-05,9.9429,10.0613
6,3000,6.4545,1.3e-05,9.8081,10.0589
6,3100,6.4696,1.3e-05,9.8918,10.0617
6,3200,6.4848,1.3e-05,10.1854,10.0661
6,3300,6.4999,1.3e-05,9.8375,10.0639
6,3400,6.5151,1.3e-05,10.1485,10.0661
6,3500,6.5302,1.3e-05,9.8562,10.0644
6,3600,6.5454,1.3e-05,9.9723,10.064
6,3700,6.5605,1.3e-05,9.8685,10.0614
6,3800,6.5757,1.3e-05,9.8604,10.0603
6,3900,6.5908,1.3e-05,10.0108,10.0584
6,4000,6.6060,1.3e-05,9.9353,10.0572
6,4100,6.6211,1.3e-05,9.9336,10.0566
6,4200,6.6363,1.3e-05,9.6533,10.0533
6,4300,6.6514,1.3e-05,10.0239,10.0514
6,4400,6.6666,1.3e-05,9.8065,10.0534
6,4500,6.6817,1.3e-05,9.7973,10.0529
6,4600,6.6969,1.3e-05,10.0886,10.0517
6,4700,6.7120,1.3e-05,9.6927,10.0504
6,4800,6.7272,1.3e-05,9.937,10.0488
6,4900,6.7423,1.3e-05,10.1172,10.0473
6,5000,6.7575,1.3e-05,9.744,10.0441
6,5100,6.7726,1.3e-05,9.9912,10.0436
6,5200,6.7878,1.3e-05,9.6674,10.0428
6,5300,6.8029,1.3e-05,9.9274,10.0445
6,5400,6.8181,1.3e-05,9.8226,10.0435
6,5500,6.8332,1.3e-05,9.8121,10.0413
6,5600,6.8484,1.3e-05,9.7241,10.0397
6,5700,6.8635,1.3e-05,9.8728,10.0397
6,5800,6.8787,1.3e-05,9.9327,10.0382
6,5900,6.8938,1.3e-05,10.1364,10.0375
6,6000,6.9090,1.3e-05,10.1021,10.0371
6,6100,6.9241,1.3e-05,9.9963,10.0369
6,6200,6.9393,1.3e-05,9.7973,10.0363
6,6300,6.9544,1.3e-05,9.8372,10.0362
6,6400,6.9696,1.3e-05,9.6845,10.0352
6,6500,6.9847,1.3e-05,10.1123,10.0343
6,6600,6.9998,1.3e-05,9.8306,10.0326
7,0,7.0000,1.3e-05,9.7024,9.7024
7,100,7.0151,1.3e-05,9.6886,9.9565
7,200,7.0303,1.3e-05,9.7922,9.9294
7,300,7.0454,1.3e-05,9.7327,9.9062
7,400,7.0606,1.3e-05,9.8701,9.9297
7,500,7.0757,1.3e-05,9.8663,9.9397
7,600,7.0909,1.3e-05,9.886,9.9337
7,700,7.1060,1.3e-05,9.8354,9.9337
7,800,7.1212,1.3e-05,9.9072,9.9423
7,900,7.1363,1.3e-05,9.6706,9.9413
7,1000,7.1515,1.3e-05,9.8725,9.9461
7,1100,7.1666,1.3e-05,9.7204,9.9417
7,1200,7.1818,1.3e-05,10.0559,9.9377
7,1300,7.1969,1.3e-05,9.7273,9.9372
7,1400,7.2121,1.3e-05,9.8273,9.9366
7,1500,7.2272,1.3e-05,9.908,9.943
7,1600,7.2424,1.3e-05,9.6468,9.9455
7,1700,7.2575,1.3e-05,9.6672,9.9413
7,1800,7.2727,1.3e-05,10.0546,9.946
7,1900,7.2878,1.3e-05,9.8478,9.9594
7,2000,7.3030,1.3e-05,9.772,9.9587
7,2100,7.3181,1.3e-05,9.7962,9.9584
7,2200,7.3333,1.3e-05,9.7646,9.9591
7,2300,7.3484,1.3e-05,9.9437,9.9579
7,2400,7.3636,1.3e-05,9.8107,9.9546
7,2500,7.3787,1.3e-05,9.7606,9.9548
7,2600,7.3939,1.3e-05,9.7329,9.9593
7,2700,7.4090,1.3e-05,9.7166,9.9566
7,2800,7.4242,1.3e-05,9.8719,9.956
7,2900,7.4393,1.3e-05,9.704,9.9508
7,3000,7.4545,1.3e-05,9.9137,9.9533
7,3100,7.4696,1.3e-05,9.97,9.9524
7,3200,7.4848,1.3e-05,9.9121,9.9544
7,3300,7.4999,1.3e-05,9.6537,9.9537
7,3400,7.5151,1.3e-05,9.8502,9.9539
7,3500,7.5302,1.3e-05,9.8182,9.9565
7,3600,7.5454,1.3e-05,9.5206,9.9538
7,3700,7.5605,1.3e-05,9.7964,9.9546
7,3800,7.5757,1.3e-05,9.7961,9.9521
7,3900,7.5908,1.3e-05,10.0282,9.9524
7,4000,7.6060,1.3e-05,10.0773,9.9553
7,4100,7.6211,1.3e-05,9.5748,9.9542
7,4200,7.6363,1.3e-05,9.7358,9.955
7,4300,7.6514,1.3e-05,9.8284,9.9564
7,4400,7.6666,1.3e-05,9.9078,9.9578
7,4500,7.6817,1.3e-05,9.9034,9.9567
7,4600,7.6969,1.3e-05,9.7823,9.954
7,4700,7.7120,1.3e-05,9.9081,9.9546
7,4800,7.7272,1.3e-05,9.7312,9.9557
7,4900,7.7423,1.3e-05,9.8376,9.9538
7,5000,7.7575,1.3e-05,9.929,9.956
7,5100,7.7726,1.3e-05,9.7155,9.9555
7,5200,7.7878,1.3e-05,9.7906,9.9565
7,5300,7.8029,1.3e-05,9.7359,9.957
7,5400,7.8181,1.3e-05,9.7167,9.9562
7,5500,7.8332,1.3e-05,9.9278,9.9567
7,5600,7.8484,1.3e-05,9.884,9.9549
7,5700,7.8635,1.3e-05,9.6777,9.9543
7,5800,7.8787,1.3e-05,9.7127,9.9533
7,5900,7.8938,1.3e-05,9.8933,9.9533
7,6000,7.9090,1.3e-05,9.9098,9.952
7,6100,7.9241,1.3e-05,9.8487,9.9498
7,6200,7.9393,1.3e-05,9.8196,9.9472
7,6300,7.9544,1.3e-05,9.6369,9.9457
7,6400,7.9696,1.3e-05,9.9446,9.9448
7,6500,7.9847,1.3e-05,9.7386,9.9452
7,6600,7.9998,1.3e-05,9.7502,9.943
8,0,8.0000,1.3e-05,10.3652,10.3652
8,100,8.0151,1.3e-05,9.5964,9.7492
8,200,8.0303,1.3e-05,9.9097,9.8014
8,300,8.0454,1.3e-05,9.6679,9.8363
8,400,8.0606,1.3e-05,9.7045,9.8411
8,500,8.0757,1.3e-05,9.6345,9.8594
8,600,8.0909,1.3e-05,10.0236,9.8697
8,700,8.1060,1.3e-05,9.7315,9.8793
8,800,8.1212,1.3e-05,9.6328,9.8794
8,900,8.1363,1.3e-05,9.9429,9.8984
8,1000,8.1515,1.3e-05,9.6411,9.8984
8,1100,8.1666,1.3e-05,9.8051,9.9009
8,1200,8.1818,1.3e-05,9.7468,9.9001
8,1300,8.1969,1.3e-05,10.0714,9.9093
8,1400,8.2121,1.3e-05,9.7232,9.8995
8,1500,8.2272,1.3e-05,9.7989,9.9003
8,1600,8.2424,1.3e-05,9.8833,9.8955
8,1700,8.2575,1.3e-05,9.828,9.8949
8,1800,8.2727,1.3e-05,9.8872,9.8981
8,1900,8.2878,1.3e-05,9.5726,9.8965
8,2000,8.3030,1.3e-05,9.6747,9.8987
8,2100,8.3181,1.3e-05,9.7325,9.8992
8,2200,8.3333,1.3e-05,9.719,9.9036
8,2300,8.3484,1.3e-05,9.7545,9.9056
8,2400,8.3636,1.3e-05,9.8682,9.9022
8,2500,8.3787,1.3e-05,9.9161,9.9011
8,2600,8.3939,1.3e-05,9.6731,9.9003
8,2700,8.4090,1.3e-05,9.8984,9.8997
8,2800,8.4242,1.3e-05,9.7446,9.9001
8,2900,8.4393,1.3e-05,9.7187,9.8972
8,3000,8.4545,1.3e-05,9.8255,9.8965
8,3100,8.4696,1.3e-05,9.8408,9.8957
8,3200,8.4848,1.3e-05,9.8008,9.8957
8,3300,8.4999,1.3e-05,9.8247,9.898
8,3400,8.5151,1.3e-05,10.0987,9.9007
8,3500,8.5302,1.3e-05,9.7015,9.9014
8,3600,8.5454,1.3e-05,9.8636,9.9026
8,3700,8.5605,1.3e-05,9.8532,9.9022
8,3800,8.5757,1.3e-05,9.7063,9.8981
8,3900,8.5908,1.3e-05,9.7339,9.8953
8,4000,8.6060,1.3e-05,9.7974,9.8968
8,4100,8.6211,1.3e-05,9.7482,9.8957
8,4200,8.6363,1.3e-05,10.0065,9.8943
8,4300,8.6514,1.3e-05,9.6712,9.8949
8,4400,8.6666,1.3e-05,9.6927,9.8926
8,4500,8.6817,1.3e-05,9.8276,9.8912
8,4600,8.6969,1.3e-05,9.912,9.8942
8,4700,8.7120,1.3e-05,9.7133,9.8923
8,4800,8.7272,1.3e-05,9.689,9.8917
8,4900,8.7423,1.3e-05,9.7811,9.8904
8,5000,8.7575,1.3e-05,9.7463,9.8885
8,5100,8.7726,1.3e-05,9.8151,9.8893
8,5200,8.7878,1.3e-05,9.8341,9.8903
8,5300,8.8029,1.3e-05,9.7714,9.8897
8,5400,8.8181,1.3e-05,9.7431,9.8891
8,5500,8.8332,1.3e-05,9.7834,9.8874
8,5600,8.8484,1.3e-05,9.6209,9.888
8,5700,8.8635,1.3e-05,9.8002,9.8864
8,5800,8.8787,1.3e-05,9.824,9.8867
8,5900,8.8938,1.3e-05,9.7876,9.887
8,6000,8.9090,1.3e-05,9.702,9.8855
8,6100,8.9241,1.3e-05,9.7643,9.8855
8,6200,8.9393,1.3e-05,9.6674,9.8845
8,6300,8.9544,1.3e-05,9.6755,9.8844
8,6400,8.9696,1.3e-05,9.9801,9.8848
8,6500,8.9847,1.3e-05,9.5997,9.8842
8,6600,8.9998,1.3e-05,9.6421,9.8843
9,0,9.0000,1.3e-05,10.1659,10.1659
9,100,9.0151,1.3e-05,9.7329,9.8374
9,200,9.0303,1.3e-05,9.6829,9.8064
9,300,9.0454,1.3e-05,9.8588,9.7923
9,400,9.0606,1.3e-05,9.6199,9.8101
9,500,9.0757,1.3e-05,9.6723,9.8129
9,600,9.0909,1.3e-05,9.6768,9.8121
9,700,9.1060,1.3e-05,10.2759,9.8225
9,800,9.1212,1.3e-05,9.5938,9.8181
9,900,9.1363,1.3e-05,9.7231,9.8152
9,1000,9.1515,1.3e-05,9.59,9.8218
9,1100,9.1666,1.3e-05,9.9219,9.823
9,1200,9.1818,1.3e-05,9.7387,9.8297
9,1300,9.1969,1.3e-05,9.8117,9.8255
9,1400,9.2121,1.3e-05,9.9362,9.827
9,1500,9.2272,1.3e-05,9.6804,9.8264
9,1600,9.2424,1.3e-05,9.6745,9.8263
9,1700,9.2575,1.3e-05,9.7492,9.8269
9,1800,9.2727,1.3e-05,9.7157,9.8287
9,1900,9.2878,1.3e-05,9.5261,9.8289
9,2000,9.3030,1.3e-05,9.7376,9.8333
9,2100,9.3181,1.3e-05,9.6162,9.8403
9,2200,9.3333,1.3e-05,9.6983,9.8367
9,2300,9.3484,1.3e-05,9.6701,9.8358
9,2400,9.3636,1.3e-05,9.6579,9.8342
9,2500,9.3787,1.3e-05,9.5698,9.8303
9,2600,9.3939,1.3e-05,9.6359,9.8319
9,2700,9.4090,1.3e-05,9.8643,9.8326
9,2800,9.4242,1.3e-05,9.8911,9.8323
9,2900,9.4393,1.3e-05,9.7034,9.8306
9,3000,9.4545,1.3e-05,9.5904,9.8269
9,3100,9.4696,1.3e-05,9.5535,9.8205
9,3200,9.4848,1.3e-05,9.7257,9.8208
9,3300,9.4999,1.3e-05,9.7571,9.821
9,3400,9.5151,1.3e-05,9.8778,9.8215
9,3500,9.5302,1.3e-05,9.9233,9.8224
9,3600,9.5454,1.3e-05,9.7712,9.8205
9,3700,9.5605,1.3e-05,9.6992,9.8196
9,3800,9.5757,1.3e-05,9.7014,9.8181
9,3900,9.5908,1.3e-05,9.7029,9.8188
9,4000,9.6060,1.3e-05,9.5486,9.8168
9,4100,9.6211,1.3e-05,9.6242,9.8143
9,4200,9.6363,1.3e-05,9.4746,9.8138
9,4300,9.6514,1.3e-05,9.6009,9.8122
9,4400,9.6666,1.3e-05,9.6989,9.8131
9,4500,9.6817,1.3e-05,9.5593,9.8131
9,4600,9.6969,1.3e-05,9.7664,9.813
9,4700,9.7120,1.3e-05,9.6414,9.81
9,4800,9.7272,1.3e-05,9.6808,9.8095
9,4900,9.7423,1.3e-05,9.7011,9.8076
9,5000,9.7575,1.3e-05,9.7174,9.8072
9,5100,9.7726,1.3e-05,9.7498,9.8069
9,5200,9.7878,1.3e-05,9.6322,9.8059
9,5300,9.8029,1.3e-05,9.5569,9.8046
9,5400,9.8181,1.3e-05,9.812,9.8058
9,5500,9.8332,1.3e-05,9.4055,9.8036
9,5600,9.8484,1.3e-05,9.6608,9.8019
9,5700,9.8635,1.3e-05,9.7778,9.8009
9,5800,9.8787,1.3e-05,9.5472,9.7999
9,5900,9.8938,1.3e-05,9.8074,9.8004
9,6000,9.9090,1.3e-05,9.5859,9.7991
9,6100,9.9241,1.3e-05,9.8892,9.7989
9,6200,9.9393,1.3e-05,9.5735,9.7979
9,6300,9.9544,1.3e-05,9.6408,9.7978
9,6400,9.9696,1.3e-05,9.8541,9.7993
9,6500,9.9847,1.3e-05,9.7392,9.7988
9,6600,9.9998,1.3e-05,9.7151,9.7985
10,0,10.0000,1.3e-05,9.5129,9.5129
10,100,10.0151,1.3e-05,9.9602,9.8283
10,200,10.0303,1.3e-05,9.5052,9.7879
10,300,10.0454,1.3e-05,9.6794,9.7824
10,400,10.0606,1.3e-05,9.6288,9.7997
10,500,10.0757,1.3e-05,9.7148,9.7861
10,600,10.0909,1.3e-05,9.6425,9.7842
10,700,10.1060,1.3e-05,9.7625,9.7826
10,800,10.1212,1.3e-05,9.5677,9.7797
10,900,10.1363,1.3e-05,9.6696,9.7704
10,1000,10.1515,1.3e-05,9.7647,9.778
10,1100,10.1666,1.3e-05,9.6363,9.7796
10,1200,10.1818,1.3e-05,9.6263,9.7751
10,1300,10.1969,1.3e-05,9.82,9.7756
10,1400,10.2121,1.3e-05,9.639,9.7755
10,1500,10.2272,1.3e-05,9.7634,9.7753
10,1600,10.2424,1.3e-05,9.5985,9.7675
10,1700,10.2575,1.3e-05,9.6753,9.7646
10,1800,10.2727,1.3e-05,9.7208,9.7688
10,1900,10.2878,1.3e-05,9.8038,9.7716
10,2000,10.3030,1.3e-05,9.6595,9.7679
10,2100,10.3181,1.3e-05,9.5662,9.76
10,2200,10.3333,1.3e-05,9.7269,9.7617
10,2300,10.3484,1.3e-05,9.5618,9.7576
10,2400,10.3636,1.3e-05,9.5102,9.7546
10,2500,10.3787,1.3e-05,9.6829,9.7538
10,2600,10.3939,1.3e-05,9.5557,9.7545
10,2700,10.4090,1.3e-05,9.81,9.7545
10,2800,10.4242,1.3e-05,9.8118,9.7553
10,2900,10.4393,1.3e-05,9.5522,9.7553
10,3000,10.4545,1.3e-05,9.511,9.7516
10,3100,10.4696,1.3e-05,9.726,9.7508
10,3200,10.4848,1.3e-05,9.5048,9.7494
10,3300,10.4999,1.3e-05,9.4634,9.7483
10,3400,10.5151,1.3e-05,9.5509,9.752
10,3500,10.5302,1.3e-05,9.521,9.7514
10,3600,10.5454,1.3e-05,9.8029,9.752
10,3700,10.5605,1.3e-05,9.6386,9.7518
10,3800,10.5757,1.3e-05,9.5857,9.7498
10,3900,10.5908,1.3e-05,9.7594,9.7497
10,4000,10.6060,1.3e-05,9.9574,9.7506
10,4100,10.6211,1.3e-05,9.5072,9.7508
10,4200,10.6363,1.3e-05,9.7132,9.7531
10,4300,10.6514,1.3e-05,9.583,9.7545
10,4400,10.6666,1.3e-05,9.563,9.7537
10,4500,10.6817,1.3e-05,9.7185,9.7529
10,4600,10.6969,1.3e-05,9.4499,9.7502
10,4700,10.7120,1.3e-05,9.7509,9.7513
10,4800,10.7272,1.3e-05,9.6957,9.7482
10,4900,10.7423,1.3e-05,9.5639,9.7524
10,5000,10.7575,1.3e-05,9.4912,9.7509
10,5100,10.7726,1.3e-05,9.6943,9.7504
10,5200,10.7878,1.3e-05,9.6047,9.7493
10,5300,10.8029,1.3e-05,9.4188,9.7503
10,5400,10.8181,1.3e-05,9.5227,9.7489
10,5500,10.8332,1.3e-05,9.7306,9.7493
10,5600,10.8484,1.3e-05,9.5863,9.7488
10,5700,10.8635,1.3e-05,9.5802,9.7502
10,5800,10.8787,1.3e-05,9.4662,9.7497
10,5900,10.8938,1.3e-05,9.5641,9.7488
10,6000,10.9090,1.3e-05,9.3759,9.7491
10,6100,10.9241,1.3e-05,9.7077,9.7472
10,6200,10.9393,1.3e-05,9.6695,9.748
10,6300,10.9544,1.3e-05,9.7594,9.7467
10,6400,10.9696,1.3e-05,9.4714,9.7451
10,6500,10.9847,1.3e-05,9.6427,9.7448
10,6600,10.9998,1.3e-05,9.7026,9.744
11,100,11.0151,1.3e-05,9.5061,9.8925
11,200,11.0303,1.3e-05,9.4803,9.7801
11,300,11.0454,1.3e-05,9.623,9.73
11,400,11.0606,1.3e-05,9.7598,9.7321
11,500,11.0757,1.3e-05,9.5024,9.7378
11,600,11.0909,1.3e-05,9.6458,9.7469
11,700,11.1060,1.3e-05,9.5038,9.7315
11,800,11.1212,1.3e-05,9.5961,9.7165
11,900,11.1363,1.3e-05,9.5535,9.7169
11,1000,11.1515,1.3e-05,9.8394,9.7141
11,1100,11.1666,1.3e-05,9.6883,9.7202
11,1200,11.1818,1.3e-05,9.596,9.7201
11,1300,11.1969,1.3e-05,9.5362,9.7131
11,1400,11.2121,1.3e-05,9.7498,9.7146
11,1500,11.2272,1.3e-05,9.6798,9.714
11,1600,11.2424,1.3e-05,9.585,9.7171
11,1700,11.2575,1.3e-05,9.536,9.7147
11,1800,11.2727,1.3e-05,9.5889,9.7131
11,1900,11.2878,1.3e-05,9.4931,9.7132
11,2000,11.3030,1.3e-05,9.7594,9.7158
11,2100,11.3181,1.3e-05,9.5503,9.71
11,2200,11.3333,1.3e-05,9.3647,9.7082
11,2300,11.3484,1.3e-05,9.4414,9.7081
11,2400,11.3636,1.3e-05,9.6099,9.7064
11,2500,11.3787,1.3e-05,9.3648,9.7041
11,2600,11.3939,1.3e-05,9.6779,9.7008
11,2700,11.4090,1.3e-05,9.5956,9.6984
11,2800,11.4242,1.3e-05,9.4686,9.6977
11,2900,11.4393,1.3e-05,9.4844,9.6969
11,3000,11.4545,1.3e-05,9.7151,9.6933
11,3100,11.4696,1.3e-05,9.5923,9.6941
11,3200,11.4848,1.3e-05,9.5316,9.6934
11,3300,11.4999,1.3e-05,9.4717,9.6915
11,3400,11.5151,1.3e-05,9.8921,9.695
11,3500,11.5302,1.3e-05,9.5672,9.6949
11,3600,11.5454,1.3e-05,9.6444,9.6944
11,3700,11.5605,1.3e-05,9.366,9.6953
11,3800,11.5757,1.3e-05,9.6429,9.6968
11,3900,11.5908,1.3e-05,9.6344,9.6987
11,4000,11.6060,1.3e-05,9.6268,9.6975
11,4100,11.6211,1.3e-05,9.726,9.7018
11,4200,11.6363,1.3e-05,9.6141,9.6996
11,4300,11.6514,1.3e-05,9.7252,9.6994
11,4400,11.6666,1.3e-05,9.4058,9.6997
11,4500,11.6817,1.3e-05,9.5547,9.6993
11,4600,11.6969,1.3e-05,9.6059,9.698
11,4700,11.7120,1.3e-05,9.5828,9.6974
11,4800,11.7272,1.3e-05,9.6875,9.6967
11,4900,11.7423,1.3e-05,9.6828,9.6967
11,5000,11.7575,1.3e-05,9.5425,9.6973
11,5100,11.7726,1.3e-05,9.5867,9.6942
11,5200,11.7878,1.3e-05,9.6456,9.6925
11,5300,11.8029,1.3e-05,9.5187,9.6903
11,5400,11.8181,1.3e-05,9.5034,9.688
11,5500,11.8332,1.3e-05,9.5053,9.6863
11,5600,11.8484,1.3e-05,9.4982,9.6857
11,5700,11.8635,1.3e-05,9.6345,9.6859
11,5800,11.8787,1.3e-05,9.483,9.6862
11,5900,11.8938,1.3e-05,9.4945,9.6865
11,6000,11.9090,1.3e-05,9.5312,9.6843
11,6100,11.9241,1.3e-05,9.4254,9.6843
11,6200,11.9393,1.3e-05,9.5949,9.6837
11,6300,11.9544,1.3e-05,9.6881,9.6847
11,6400,11.9696,1.3e-05,9.4112,9.6831
11,6500,11.9847,1.3e-05,9.5067,9.6827
11,6600,11.9998,1.3e-05,9.6872,9.6834
12,0,12.0000,1.3e-05,9.9686,9.9686
12,100,12.0151,1.3e-05,9.5922,9.5953
12,200,12.0303,1.3e-05,9.509,9.6314
12,300,12.0454,1.3e-05,9.4668,9.6277
12,400,12.0606,1.3e-05,9.5002,9.631
12,500,12.0757,1.3e-05,9.5512,9.6298
12,600,12.0909,1.3e-05,9.7033,9.6443
12,700,12.1060,1.3e-05,9.5223,9.6362
12,800,12.1212,1.3e-05,9.6272,9.6318
12,900,12.1363,1.3e-05,9.4676,9.6325
12,1000,12.1515,1.3e-05,9.5417,9.6354
12,1100,12.1666,1.3e-05,9.6748,9.6409
12,1200,12.1818,1.3e-05,9.6074,9.6416
12,1300,12.1969,1.3e-05,9.6884,9.651
12,1400,12.2121,1.3e-05,9.7028,9.6531
12,1500,12.2272,1.3e-05,9.5312,9.6551
12,1600,12.2424,1.3e-05,9.6576,9.6541
12,1700,12.2575,1.3e-05,9.5182,9.6543
12,1800,12.2727,1.3e-05,9.5374,9.6539
12,1900,12.2878,1.3e-05,9.6631,9.6581
12,2000,12.3030,1.3e-05,9.656,9.6583
12,2100,12.3181,1.3e-05,9.5658,9.6552
12,2200,12.3333,1.3e-05,9.5681,9.6561
12,2300,12.3484,1.3e-05,9.7639,9.6579
12,2400,12.3636,1.3e-05,9.6967,9.6591
12,2500,12.3787,1.3e-05,9.6932,9.6588
12,2600,12.3939,1.3e-05,9.4246,9.658
12,2700,12.4090,1.3e-05,9.6243,9.6541
12,2800,12.4242,1.3e-05,9.6075,9.6532
12,2900,12.4393,1.3e-05,9.4755,9.652
12,3000,12.4545,1.3e-05,9.6874,9.6528
12,3100,12.4696,1.3e-05,9.4858,9.6522
12,3200,12.4848,1.3e-05,9.4535,9.6488
12,3300,12.4999,1.3e-05,9.5621,9.6485
12,3400,12.5151,1.3e-05,9.5228,9.6483
12,3500,12.5302,1.3e-05,9.5593,9.6455
12,3600,12.5454,1.3e-05,9.5326,9.6443
12,3700,12.5605,1.3e-05,9.7453,9.645
12,3800,12.5757,1.3e-05,9.6046,9.6443
12,3900,12.5908,1.3e-05,9.6346,9.6472
12,4000,12.6060,1.3e-05,9.4316,9.6493
12,4100,12.6211,1.3e-05,9.5118,9.6512
12,4200,12.6363,1.3e-05,9.6816,9.6535
12,4300,12.6514,1.3e-05,9.5992,9.6535
12,4400,12.6666,1.3e-05,9.4968,9.6563
12,4500,12.6817,1.3e-05,9.383,9.6582
12,4600,12.6969,1.3e-05,9.5022,9.6587
12,4700,12.7120,1.3e-05,9.6527,9.658
12,4800,12.7272,1.3e-05,9.5653,9.6561
12,4900,12.7423,1.3e-05,9.5363,9.6564
12,5000,12.7575,1.3e-05,9.5834,9.6555
12,5100,12.7726,1.3e-05,9.4568,9.6552
12,5200,12.7878,1.3e-05,9.5705,9.6549
12,5300,12.8029,1.3e-05,9.6184,9.654
12,5400,12.8181,1.3e-05,9.4426,9.6529
12,5500,12.8332,1.3e-05,9.4913,9.6528
12,5600,12.8484,1.3e-05,9.6879,9.6533
12,5700,12.8635,1.3e-05,9.4713,9.6524
12,5800,12.8787,1.3e-05,9.2024,9.6503
12,5900,12.8938,1.3e-05,9.7134,9.6505
12,6000,12.9090,1.3e-05,9.5835,9.6494
12,6100,12.9241,1.3e-05,9.444,9.648
12,6200,12.9393,1.3e-05,9.5077,9.6465
12,6300,12.9544,1.3e-05,9.5527,9.6462
12,6400,12.9696,1.3e-05,9.5641,9.6455
12,6500,12.9847,1.3e-05,9.5707,9.648
12,6600,12.9998,1.3e-05,9.4561,9.6456
13,0,13.0000,1.3e-05,9.616,9.616
13,100,13.0151,1.3e-05,9.5506,9.5378
13,200,13.0303,1.3e-05,9.545,9.5919
13,300,13.0454,1.3e-05,9.3944,9.5873
13,400,13.0606,1.3e-05,9.4882,9.6002
13,500,13.0757,1.3e-05,9.5911,9.5933
13,600,13.0909,1.3e-05,9.7537,9.6113
13,700,13.1060,1.3e-05,9.7558,9.6235
13,800,13.1212,1.3e-05,9.5001,9.616
13,900,13.1363,1.3e-05,9.6822,9.6122
13,1000,13.1515,1.3e-05,9.4853,9.6132
13,1100,13.1666,1.3e-05,9.5869,9.6081
13,1200,13.1818,1.3e-05,9.4689,9.6051
13,1300,13.1969,1.3e-05,9.6214,9.6102
13,1400,13.2121,1.3e-05,9.4174,9.61
13,1500,13.2272,1.3e-05,9.5247,9.6154
13,1600,13.2424,1.3e-05,9.3484,9.6099
13,1700,13.2575,1.3e-05,9.6959,9.6145
13,1800,13.2727,1.3e-05,9.3337,9.6114
13,1900,13.2878,1.3e-05,9.4066,9.611
13,2000,13.3030,1.3e-05,9.6084,9.6186
13,2100,13.3181,1.3e-05,9.4026,9.6168
13,2200,13.3333,1.3e-05,9.5661,9.6143
13,2300,13.3484,1.3e-05,9.4596,9.6131
13,2400,13.3636,1.3e-05,9.3933,9.6129
13,2500,13.3787,1.3e-05,9.353,9.6107
13,2600,13.3939,1.3e-05,9.7014,9.6097
13,2700,13.4090,1.3e-05,9.4019,9.6079
13,2800,13.4242,1.3e-05,9.4103,9.6081
13,2900,13.4393,1.3e-05,9.6579,9.6103
13,3000,13.4545,1.3e-05,9.5862,9.6094
13,3100,13.4696,1.3e-05,9.4651,9.6075
13,3200,13.4848,1.3e-05,9.3736,9.6092
13,3300,13.4999,1.3e-05,9.4912,9.608
13,3400,13.5151,1.3e-05,9.5004,9.6062
13,3500,13.5302,1.3e-05,9.408,9.6042
13,3600,13.5454,1.3e-05,9.4575,9.6027
13,3700,13.5605,1.3e-05,9.3413,9.6004
13,3800,13.5757,1.3e-05,9.5727,9.6009
13,3900,13.5908,1.3e-05,9.3499,9.6009
13,4000,13.6060,1.3e-05,9.4058,9.5996
13,4100,13.6211,1.3e-05,9.7579,9.6022
13,4200,13.6363,1.3e-05,9.4332,9.6019
13,4300,13.6514,1.3e-05,9.5864,9.6024
13,4400,13.6666,1.3e-05,9.4882,9.6009
13,4500,13.6817,1.3e-05,9.6603,9.6003
13,4600,13.6969,1.3e-05,9.4755,9.5992
13,4700,13.7120,1.3e-05,9.3566,9.5979
13,4800,13.7272,1.3e-05,9.3891,9.5978
13,4900,13.7423,1.3e-05,9.5951,9.5969
13,5000,13.7575,1.3e-05,9.6373,9.5963
13,5100,13.7726,1.3e-05,9.4688,9.5961
13,5200,13.7878,1.3e-05,9.3305,9.5947
13,5300,13.8029,1.3e-05,9.5005,9.5943
13,5400,13.8181,1.3e-05,9.4042,9.5922
13,5500,13.8332,1.3e-05,9.638,9.5915
13,5600,13.8484,1.3e-05,9.4163,9.5912
13,5700,13.8635,1.3e-05,9.3796,9.5926
13,5800,13.8787,1.3e-05,9.5963,9.5934
13,5900,13.8938,1.3e-05,9.2081,9.5904
13,6000,13.9090,1.3e-05,9.3927,9.59
13,6100,13.9241,1.3e-05,9.4047,9.5897
13,6200,13.9393,1.3e-05,9.4006,9.5892
13,6300,13.9544,1.3e-05,9.2696,9.5888
13,6400,13.9696,1.3e-05,9.2662,9.5882
13,6500,13.9847,1.3e-05,9.7229,9.588
13,6600,13.9998,1.3e-05,9.5831,9.5879
14,0,14.0000,1.3e-05,8.9205,8.9205
14,100,14.0151,1.3e-05,9.4588,9.5462
14,200,14.0303,1.3e-05,9.3934,9.5405
14,300,14.0454,1.3e-05,9.6505,9.557
14,400,14.0606,1.3e-05,9.4015,9.5498
14,500,14.0757,1.3e-05,9.4943,9.5721
14,600,14.0909,1.3e-05,9.4542,9.5528
14,700,14.1060,1.3e-05,9.5955,9.5636
14,800,14.1212,1.3e-05,9.4562,9.5602
14,900,14.1363,1.3e-05,9.4948,9.5674
14,1000,14.1515,1.3e-05,9.4397,9.5609
14,1100,14.1666,1.3e-05,9.4599,9.5603
14,1200,14.1818,1.3e-05,9.6424,9.5624
14,1300,14.1969,1.3e-05,9.5017,9.5664
14,1400,14.2121,1.3e-05,9.4872,9.5653
14,1500,14.2272,1.3e-05,9.4247,9.5644
14,1600,14.2424,1.3e-05,9.3157,9.5575
14,1700,14.2575,1.3e-05,9.7351,9.5588
14,1800,14.2727,1.3e-05,9.3812,9.5561
14,1900,14.2878,1.3e-05,9.3735,9.5565
14,2000,14.3030,1.3e-05,9.4472,9.5568
14,2100,14.3181,1.3e-05,9.5771,9.5588
14,2200,14.3333,1.3e-05,9.4087,9.5585
14,2300,14.3484,1.3e-05,9.5922,9.5597
14,2400,14.3636,1.3e-05,9.4591,9.5597
14,2500,14.3787,1.3e-05,9.5611,9.5577
14,2600,14.3939,1.3e-05,9.3827,9.5557
14,2700,14.4090,1.3e-05,9.3439,9.5576
14,2800,14.4242,1.3e-05,9.3226,9.5553
14,2900,14.4393,1.3e-05,9.6714,9.5539
14,3000,14.4545,1.3e-05,9.3266,9.5532
14,3100,14.4696,1.3e-05,9.3422,9.5523
14,3200,14.4848,1.3e-05,9.5181,9.5508
14,3300,14.4999,1.3e-05,9.5032,9.5508
14,3400,14.5151,1.3e-05,9.2744,9.5491
14,3500,14.5302,1.3e-05,9.5079,9.549
14,3600,14.5454,1.3e-05,9.459,9.5469
14,3700,14.5605,1.3e-05,9.5184,9.5466
14,3800,14.5757,1.3e-05,9.3206,9.5442
14,3900,14.5908,1.3e-05,9.5281,9.5451
14,4000,14.6060,1.3e-05,9.3158,9.5458
14,4100,14.6211,1.3e-05,9.3966,9.5444
14,4200,14.6363,1.3e-05,9.6298,9.5452
14,4300,14.6514,1.3e-05,9.3098,9.5452
14,4400,14.6666,1.3e-05,9.2972,9.5435
14,4500,14.6817,1.3e-05,9.3829,9.5435
14,4600,14.6969,1.3e-05,9.2983,9.541
14,4700,14.7120,1.3e-05,9.4267,9.5401
14,4800,14.7272,1.3e-05,9.3136,9.5395
14,4900,14.7423,1.3e-05,9.4293,9.5401
14,5000,14.7575,1.3e-05,9.5555,9.5389
14,5100,14.7726,1.3e-05,9.2302,9.5387
14,5200,14.7878,1.3e-05,9.5591,9.5372
14,5300,14.8029,1.3e-05,9.401,9.5364
14,5400,14.8181,1.3e-05,9.4635,9.5372
14,5500,14.8332,1.3e-05,9.4905,9.5398
14,5600,14.8484,1.3e-05,9.3869,9.5389
14,5700,14.8635,1.3e-05,9.3872,9.5389
14,5800,14.8787,1.3e-05,9.5605,9.5376
14,5900,14.8938,1.3e-05,9.3487,9.5376
14,6000,14.9090,1.3e-05,9.5448,9.539
14,6100,14.9241,1.3e-05,9.6245,9.5385
14,6200,14.9393,1.3e-05,9.3867,9.5386
14,6300,14.9544,1.3e-05,9.4614,9.5376
14,6400,14.9696,1.3e-05,9.372,9.536
14,6500,14.9847,1.3e-05,9.4506,9.536
14,6600,14.9998,1.3e-05,9.4504,9.5357
15,0,15.0000,1.3e-05,9.7296,9.7296
15,100,15.0151,1.3e-05,9.4292,9.5509
15,200,15.0303,1.3e-05,9.5461,9.6121
15,300,15.0454,1.3e-05,9.5095,9.5923
15,400,15.0606,1.3e-05,9.5438,9.5766
15,500,15.0757,1.3e-05,9.4974,9.5587
15,600,15.0909,1.3e-05,9.2724,9.5536
15,700,15.1060,1.3e-05,9.3868,9.5585
15,800,15.1212,1.3e-05,9.6678,9.5494
15,900,15.1363,1.3e-05,9.4577,9.5461
15,1000,15.1515,1.3e-05,9.4532,9.5449
15,1100,15.1666,1.3e-05,9.5282,9.5419
15,1200,15.1818,1.3e-05,9.4887,9.539
15,1300,15.1969,1.3e-05,9.4387,9.5368
15,1400,15.2121,1.3e-05,9.6402,9.5348
15,1500,15.2272,1.3e-05,9.3065,9.5401
15,1600,15.2424,1.3e-05,9.5446,9.5373
15,1700,15.2575,1.3e-05,9.4379,9.535
15,1800,15.2727,1.3e-05,9.4162,9.5339
15,1900,15.2878,1.3e-05,9.6299,9.5356
15,2000,15.3030,1.3e-05,9.3552,9.5371
15,2100,15.3181,1.3e-05,9.4072,9.537
15,2200,15.3333,1.3e-05,9.3468,9.5345
15,2300,15.3484,1.3e-05,9.4266,9.5346
15,2400,15.3636,1.3e-05,9.3205,9.5316
15,2500,15.3787,1.3e-05,9.3483,9.5313
15,2600,15.3939,1.3e-05,9.3966,9.5282
15,2700,15.4090,1.3e-05,9.403,9.5274
15,2800,15.4242,1.3e-05,9.5689,9.5305
15,2900,15.4393,1.3e-05,9.3947,9.5282
15,3000,15.4545,1.3e-05,9.5117,9.5273
15,3100,15.4696,1.3e-05,9.578,9.5267
15,3200,15.4848,1.3e-05,9.5072,9.5261
15,3300,15.4999,1.3e-05,9.5239,9.5269
15,3400,15.5151,1.3e-05,9.4805,9.5269
15,3500,15.5302,1.3e-05,9.4086,9.5282
15,3600,15.5454,1.3e-05,9.4447,9.526
15,3700,15.5605,1.3e-05,9.3887,9.525
15,3800,15.5757,1.3e-05,9.5658,9.5238
15,3900,15.5908,1.3e-05,9.4658,9.5231
15,4000,15.6060,1.3e-05,9.5666,9.525
15,4100,15.6211,1.3e-05,9.4702,9.5229
15,4200,15.6363,1.3e-05,9.4438,9.5222
15,4300,15.6514,1.3e-05,9.5225,9.5203
15,4400,15.6666,1.3e-05,9.5771,9.5202
15,4500,15.6817,1.3e-05,9.4539,9.5204
15,4600,15.6969,1.3e-05,9.6626,9.5234
15,4700,15.7120,1.3e-05,9.3809,9.5233
15,4800,15.7272,1.3e-05,9.4108,9.5215
15,4900,15.7423,1.3e-05,9.3232,9.5223
15,5000,15.7575,1.3e-05,9.2099,9.5231
15,5100,15.7726,1.3e-05,9.4627,9.5235
15,5200,15.7878,1.3e-05,9.213,9.5236
15,5300,15.8029,1.3e-05,9.3667,9.5237
15,5400,15.8181,1.3e-05,9.4819,9.5231
15,5500,15.8332,1.3e-05,9.357,9.5214
15,5600,15.8484,1.3e-05,9.4191,9.5221
15,5700,15.8635,1.3e-05,9.4718,9.5219
15,5800,15.8787,1.3e-05,9.4857,9.5219
15,5900,15.8938,1.3e-05,9.3707,9.5218
15,6000,15.9090,1.3e-05,9.2731,9.5196
15,6100,15.9241,1.3e-05,9.5276,9.5205
15,6200,15.9393,1.3e-05,9.426,9.5205
15,6300,15.9544,1.3e-05,9.2911,9.5206
15,6400,15.9696,1.3e-05,9.3357,9.5198
15,6500,15.9847,1.3e-05,9.3532,9.5195
15,6600,15.9998,1.3e-05,9.4982,9.5179
16,100,16.0151,1.3e-05,9.3948,9.4344
16,200,16.0303,1.3e-05,9.3011,9.4183
16,300,16.0454,1.3e-05,9.2276,9.4265
16,400,16.0606,1.3e-05,9.5344,9.4466
16,500,16.0757,1.3e-05,9.378,9.4536
16,600,16.0909,1.3e-05,9.3608,9.4735
16,700,16.1060,1.3e-05,9.3197,9.4915
16,800,16.1212,1.3e-05,9.4348,9.4834
16,900,16.1363,1.3e-05,9.3058,9.4794
16,1000,16.1515,1.3e-05,9.2609,9.48
16,1100,16.1666,1.3e-05,9.2307,9.4735
16,1200,16.1818,1.3e-05,9.4732,9.4761
16,1300,16.1969,1.3e-05,9.3551,9.4827
16,1400,16.2121,1.3e-05,9.3429,9.4775
16,1500,16.2272,1.3e-05,9.2371,9.4734
16,1600,16.2424,1.3e-05,9.3543,9.4756
16,1700,16.2575,1.3e-05,9.3741,9.4741
16,1800,16.2727,1.3e-05,9.3595,9.4721
16,1900,16.2878,1.3e-05,9.3386,9.4718
16,2000,16.3030,1.3e-05,9.1542,9.4704
16,2100,16.3181,1.3e-05,9.5461,9.4704
16,2200,16.3333,1.3e-05,9.484,9.4701
16,2300,16.3484,1.3e-05,9.4069,9.4697
16,2400,16.3636,1.3e-05,9.4741,9.4689
16,2500,16.3787,1.3e-05,9.2966,9.4697
16,2600,16.3939,1.3e-05,9.4605,9.4694
16,2700,16.4090,1.3e-05,9.4963,9.4694
16,2800,16.4242,1.3e-05,9.5621,9.4687
16,2900,16.4393,1.3e-05,9.4475,9.4684
16,3000,16.4545,1.3e-05,9.332,9.4692
16,3100,16.4696,1.3e-05,9.3661,9.4696
16,3200,16.4848,1.3e-05,9.363,9.4674
16,3300,16.4999,1.3e-05,9.6537,9.4671
16,3400,16.5151,1.3e-05,9.3899,9.4665
16,3500,16.5302,1.3e-05,9.5303,9.467
16,3600,16.5454,1.3e-05,9.3142,9.4689
16,3700,16.5605,1.3e-05,9.3615,9.4692
16,3800,16.5757,1.3e-05,9.3977,9.4702
16,3900,16.5908,1.3e-05,9.5098,9.4699
16,4000,16.6060,1.3e-05,9.3882,9.4709
16,4100,16.6211,1.3e-05,9.4386,9.4696
16,4200,16.6363,1.3e-05,9.4354,9.4737
16,4300,16.6514,1.3e-05,9.484,9.4748
16,4400,16.6666,1.3e-05,9.3196,9.4744
16,4500,16.6817,1.3e-05,9.317,9.4737
16,4600,16.6969,1.3e-05,9.5698,9.4743
16,4700,16.7120,1.3e-05,9.2978,9.4747
16,4800,16.7272,1.3e-05,9.4446,9.4734
16,4900,16.7423,1.3e-05,9.5349,9.4733
16,5000,16.7575,1.3e-05,9.2764,9.472
16,5100,16.7726,1.3e-05,9.4814,9.4717
16,5200,16.7878,1.3e-05,9.3711,9.4708
16,5300,16.8029,1.3e-05,9.5482,9.471
16,5400,16.8181,1.3e-05,9.2463,9.4712
16,5500,16.8332,1.3e-05,9.3722,9.4701
16,5600,16.8484,1.3e-05,9.4288,9.4703
16,5700,16.8635,1.3e-05,9.2593,9.4692
16,5800,16.8787,1.3e-05,9.3204,9.4683
16,5900,16.8938,1.3e-05,9.2441,9.4691
16,6000,16.9090,1.3e-05,9.4076,9.4696
16,6100,16.9241,1.3e-05,9.2691,9.4685
16,6200,16.9393,1.3e-05,9.5358,9.4691
16,6300,16.9544,1.3e-05,9.5957,9.4691
16,6400,16.9696,1.3e-05,9.4844,9.4689
16,6500,16.9847,1.3e-05,9.3143,9.4684
16,6600,16.9998,1.3e-05,9.3249,9.4689
17,0,17.0000,1.3e-05,9.3386,9.3386
17,100,17.0151,1.3e-05,9.4275,9.3955
17,200,17.0303,1.3e-05,9.4657,9.4406
17,300,17.0454,1.3e-05,9.2898,9.4205
17,400,17.0606,1.3e-05,9.4864,9.4393
17,500,17.0757,1.3e-05,9.4638,9.4452
17,600,17.0909,1.3e-05,9.2057,9.4448
17,700,17.1060,1.3e-05,9.4235,9.4434
17,800,17.1212,1.3e-05,9.4594,9.4426
17,900,17.1363,1.3e-05,9.4181,9.4372
17,1000,17.1515,1.3e-05,9.4374,9.432
17,1100,17.1666,1.3e-05,9.3731,9.4286
17,1200,17.1818,1.3e-05,9.4384,9.4286
17,1300,17.1969,1.3e-05,9.345,9.4303
17,1400,17.2121,1.3e-05,9.3405,9.435
17,1500,17.2272,1.3e-05,9.2518,9.4363
17,1600,17.2424,1.3e-05,9.4107,9.4357
17,1700,17.2575,1.3e-05,9.131,9.4365
17,1800,17.2727,1.3e-05,9.3755,9.4353
17,1900,17.2878,1.3e-05,9.3477,9.4326
17,2000,17.3030,1.3e-05,9.4099,9.4302
17,2100,17.3181,1.3e-05,9.193,9.4259
17,2200,17.3333,1.3e-05,9.2878,9.4223
17,2300,17.3484,1.3e-05,9.1822,9.4185
17,2400,17.3636,1.3e-05,9.2707,9.418
17,2500,17.3787,1.3e-05,9.3491,9.4205
17,2600,17.3939,1.3e-05,9.2377,9.4234
17,2700,17.4090,1.3e-05,9.2552,9.4216
17,2800,17.4242,1.3e-05,9.3616,9.4241
17,2900,17.4393,1.3e-05,9.4212,9.4266
17,3000,17.4545,1.3e-05,9.2878,9.426
17,3100,17.4696,1.3e-05,9.2827,9.4245
17,3200,17.4848,1.3e-05,9.2231,9.4259
17,3300,17.4999,1.3e-05,9.2107,9.4239
17,3400,17.5151,1.3e-05,9.3511,9.4229
17,3500,17.5302,1.3e-05,9.4402,9.4246
17,3600,17.5454,1.3e-05,9.4789,9.4245
17,3700,17.5605,1.3e-05,9.3193,9.4229
17,3800,17.5757,1.3e-05,9.2945,9.424
17,3900,17.5908,1.3e-05,9.4461,9.4239
17,4000,17.6060,1.3e-05,9.2784,9.4236
17,4100,17.6211,1.3e-05,9.3427,9.4257
17,4200,17.6363,1.3e-05,9.4237,9.4257
17,4300,17.6514,1.3e-05,9.2039,9.425
17,4400,17.6666,1.3e-05,9.3095,9.4267
17,4500,17.6817,1.3e-05,9.2263,9.4279
17,4600,17.6969,1.3e-05,9.3421,9.4273
17,4700,17.7120,1.3e-05,9.4117,9.4269
17,4800,17.7272,1.3e-05,9.1567,9.4266
17,4900,17.7423,1.3e-05,9.3345,9.4274
17,5000,17.7575,1.3e-05,9.2618,9.4285
17,5100,17.7726,1.3e-05,9.1116,9.4286
17,5200,17.7878,1.3e-05,9.3243,9.428
17,5300,17.8029,1.3e-05,9.5056,9.4277
17,5400,17.8181,1.3e-05,9.4783,9.4286
17,5500,17.8332,1.3e-05,9.3774,9.4285
17,5600,17.8484,1.3e-05,9.161,9.4284
17,5700,17.8635,1.3e-05,9.3812,9.4267
17,5800,17.8787,1.3e-05,9.308,9.427
17,5900,17.8938,1.3e-05,9.3219,9.4265
17,6000,17.9090,1.3e-05,9.467,9.4277
17,6100,17.9241,1.3e-05,9.3274,9.4296
17,6200,17.9393,1.3e-05,9.2633,9.43
17,6300,17.9544,1.3e-05,9.5886,9.4332
17,6400,17.9696,1.3e-05,9.323,9.4325
17,6500,17.9847,1.3e-05,9.1657,9.4327
17,6600,17.9998,1.3e-05,9.2065,9.4326
18,100,18.0151,1.3e-05,9.4503,9.3704
18,200,18.0303,1.3e-05,9.1974,9.3457
18,300,18.0454,1.3e-05,9.2708,9.3748
18,400,18.0606,1.3e-05,9.4258,9.4012
18,500,18.0757,1.3e-05,9.165,9.4131
18,600,18.0909,1.3e-05,9.4481,9.4083
18,700,18.1060,1.3e-05,9.2521,9.4037
18,800,18.1212,1.3e-05,9.1546,9.4089
18,900,18.1363,1.3e-05,9.4454,9.4118
18,1000,18.1515,1.3e-05,9.2709,9.4152
18,1100,18.1666,1.3e-05,9.2642,9.4117
18,1200,18.1818,1.3e-05,9.2217,9.4052
18,1300,18.1969,1.3e-05,9.4206,9.4049
18,1400,18.2121,1.3e-05,9.2418,9.4016
18,1500,18.2272,1.3e-05,9.5372,9.4023
18,1600,18.2424,1.3e-05,9.2563,9.4046
18,1700,18.2575,1.3e-05,9.1584,9.4069
18,1800,18.2727,1.3e-05,9.3312,9.4074
18,1900,18.2878,1.3e-05,9.3527,9.4064
18,2000,18.3030,1.3e-05,9.2505,9.4057
18,2100,18.3181,1.3e-05,9.0243,9.404
18,2200,18.3333,1.3e-05,9.3749,9.4044
18,2300,18.3484,1.3e-05,9.6353,9.4058
18,2400,18.3636,1.3e-05,9.2887,9.4034
18,2500,18.3787,1.3e-05,9.2525,9.4031
18,2600,18.3939,1.3e-05,9.1395,9.401
18,2700,18.4090,1.3e-05,9.2166,9.4
18,2800,18.4242,1.3e-05,9.3719,9.3988
18,2900,18.4393,1.3e-05,9.2357,9.3996
18,3000,18.4545,1.3e-05,9.2685,9.3989
18,3100,18.4696,1.3e-05,9.2128,9.3985
18,3200,18.4848,1.3e-05,9.3813,9.4005
18,3300,18.4999,1.3e-05,9.2493,9.3977
18,3400,18.5151,1.3e-05,9.2757,9.3971
18,3500,18.5302,1.3e-05,9.4469,9.3979
18,3600,18.5454,1.3e-05,9.4241,9.3989
18,3700,18.5605,1.3e-05,9.1713,9.3985
18,3800,18.5757,1.3e-05,9.2148,9.3968
18,3900,18.5908,1.3e-05,9.2966,9.3943
18,4000,18.6060,1.3e-05,9.3987,9.3958
18,4100,18.6211,1.3e-05,9.1906,9.3962
18,4200,18.6363,1.3e-05,9.0681,9.397
18,4300,18.6514,1.3e-05,9.4129,9.3986
18,4400,18.6666,1.3e-05,9.2292,9.3985
18,4500,18.6817,1.3e-05,9.0878,9.3964
18,4600,18.6969,1.3e-05,9.2465,9.3959
18,4700,18.7120,1.3e-05,9.426,9.3964
18,4800,18.7272,1.3e-05,9.3482,9.3961
18,4900,18.7423,1.3e-05,9.4886,9.3961
18,5000,18.7575,1.3e-05,9.1415,9.3952
18,5100,18.7726,1.3e-05,9.1274,9.3943
18,5200,18.7878,1.3e-05,9.2998,9.3946
18,5300,18.8029,1.3e-05,9.3839,9.3942
18,5400,18.8181,1.3e-05,9.2149,9.393
18,5500,18.8332,1.3e-05,9.4298,9.3913
18,5600,18.8484,1.3e-05,9.4507,9.3908
18,5700,18.8635,1.3e-05,9.4442,9.3903
18,5800,18.8787,1.3e-05,9.2886,9.3898
18,5900,18.8938,1.3e-05,9.1275,9.389
18,6000,18.9090,1.3e-05,9.2947,9.3894
18,6100,18.9241,1.3e-05,9.2623,9.3896
18,6200,18.9393,1.3e-05,9.4207,9.3895
18,6300,18.9544,1.3e-05,9.3082,9.3901
18,6400,18.9696,1.3e-05,9.515,9.3911
18,6500,18.9847,1.3e-05,9.158,9.3891
18,6600,18.9998,1.3e-05,9.3534,9.3895
19,0,19.0000,1.3e-05,9.0619,9.0619
19,100,19.0151,1.3e-05,9.5263,9.5286
19,200,19.0303,1.3e-05,9.0805,9.4731
19,300,19.0454,1.3e-05,9.3503,9.4431
19,400,19.0606,1.3e-05,9.1279,9.4237
19,500,19.0757,1.3e-05,9.3655,9.3983
19,600,19.0909,1.3e-05,9.3122,9.4025
19,700,19.1060,1.3e-05,9.3742,9.4021
19,800,19.1212,1.3e-05,9.4869,9.4005
19,900,19.1363,1.3e-05,9.2306,9.3903
19,1000,19.1515,1.3e-05,9.1646,9.3884
19,1100,19.1666,1.3e-05,9.2898,9.3842
19,1200,19.1818,1.3e-05,9.5336,9.3873
19,1300,19.1969,1.3e-05,9.1516,9.3972
19,1400,19.2121,1.3e-05,9.2337,9.3893
19,1500,19.2272,1.3e-05,9.2395,9.3859
19,1600,19.2424,1.3e-05,9.3942,9.3873
19,1700,19.2575,1.3e-05,9.3467,9.3872
19,1800,19.2727,1.3e-05,9.2254,9.3885
19,1900,19.2878,1.3e-05,9.2585,9.3879
19,2000,19.3030,1.3e-05,9.3996,9.3878
19,2100,19.3181,1.3e-05,9.2245,9.385
19,2200,19.3333,1.3e-05,9.182,9.3815
19,2300,19.3484,1.3e-05,9.373,9.384
19,2400,19.3636,1.3e-05,9.4203,9.3862
19,2500,19.3787,1.3e-05,9.2489,9.3853
19,2600,19.3939,1.3e-05,9.3166,9.3863
19,2700,19.4090,1.3e-05,9.2226,9.3851
19,2800,19.4242,1.3e-05,9.2819,9.3858
19,2900,19.4393,1.3e-05,9.2883,9.3822
19,3000,19.4545,1.3e-05,9.2426,9.382
19,3100,19.4696,1.3e-05,9.167,9.3802
19,3200,19.4848,1.3e-05,9.175,9.3813
19,3300,19.4999,1.3e-05,9.1808,9.3775
19,3400,19.5151,1.3e-05,9.2232,9.3774
19,3500,19.5302,1.3e-05,9.3812,9.3767
19,3600,19.5454,1.3e-05,9.1013,9.3737
19,3700,19.5605,1.3e-05,9.085,9.3721
19,3800,19.5757,1.3e-05,9.2862,9.3713
19,3900,19.5908,1.3e-05,9.2154,9.3702
19,4000,19.6060,1.3e-05,9.2015,9.3692
19,4100,19.6211,1.3e-05,9.3891,9.3699
19,4200,19.6363,1.3e-05,9.1788,9.3694
19,4300,19.6514,1.3e-05,9.2385,9.3681
19,4400,19.6666,1.3e-05,9.1092,9.369
19,4500,19.6817,1.3e-05,9.1301,9.368
19,4600,19.6969,1.3e-05,9.3169,9.369
19,4700,19.7120,1.3e-05,9.2201,9.37
19,4800,19.7272,1.3e-05,9.1318,9.3698
19,4900,19.7423,1.3e-05,9.2994,9.3686
19,5000,19.7575,1.3e-05,9.0727,9.3672
19,5100,19.7726,1.3e-05,9.2332,9.3664
19,5200,19.7878,1.3e-05,9.2375,9.366
19,5300,19.8029,1.3e-05,9.2788,9.3667
19,5400,19.8181,1.3e-05,9.2308,9.3673
19,5500,19.8332,1.3e-05,9.3554,9.3672
19,5600,19.8484,1.3e-05,9.4236,9.3675
19,5700,19.8635,1.3e-05,9.4183,9.3657
19,5800,19.8787,1.3e-05,9.0386,9.3658
19,5900,19.8938,1.3e-05,9.3857,9.3663
19,6000,19.9090,1.3e-05,9.263,9.3659
19,6100,19.9241,1.3e-05,9.3515,9.3653
19,6200,19.9393,1.3e-05,9.3266,9.3637
19,6300,19.9544,1.3e-05,9.3463,9.3635
19,6400,19.9696,1.3e-05,9.0429,9.3633
19,6500,19.9847,1.3e-05,9.2195,9.3629
19,6600,19.9998,1.3e-05,9.1289,9.3616
20,0,20.0000,1.3e-05,9.1077,9.1077
20,100,20.0151,1.3e-05,9.3341,9.2519
20,200,20.0303,1.3e-05,9.1638,9.3007
20,300,20.0454,1.3e-05,9.2992,9.3242
20,400,20.0606,1.3e-05,9.1104,9.3421
20,500,20.0757,1.3e-05,9.3034,9.3433
20,600,20.0909,1.3e-05,9.4346,9.3572
20,700,20.1060,1.3e-05,9.262,9.3554
20,800,20.1212,1.3e-05,9.3547,9.3574
20,900,20.1363,1.3e-05,9.4261,9.3531
20,1000,20.1515,1.3e-05,9.3134,9.349
20,1100,20.1666,1.3e-05,9.2938,9.3467
20,1200,20.1818,1.3e-05,9.2109,9.34
20,1300,20.1969,1.3e-05,9.216,9.3385
20,1400,20.2121,1.3e-05,9.3561,9.3361
20,1500,20.2272,1.3e-05,9.2901,9.3396
20,1600,20.2424,1.3e-05,9.2402,9.342
20,1700,20.2575,1.3e-05,9.2249,9.3421
20,1800,20.2727,1.3e-05,9.2167,9.3379
20,1900,20.2878,1.3e-05,9.3117,9.3361
20,2000,20.3030,1.3e-05,9.1776,9.3349
20,2100,20.3181,1.3e-05,9.2847,9.3356
20,2200,20.3333,1.3e-05,9.2062,9.3331
20,2300,20.3484,1.3e-05,9.3108,9.3292
20,2400,20.3636,1.3e-05,9.2804,9.3274
20,2500,20.3787,1.3e-05,9.314,9.3306
20,2600,20.3939,1.3e-05,9.0182,9.3289
20,2700,20.4090,1.3e-05,9.1009,9.3313
20,2800,20.4242,1.3e-05,9.1,9.3329
20,2900,20.4393,1.3e-05,9.0924,9.3343
20,3000,20.4545,1.3e-05,9.3011,9.335
20,3100,20.4696,1.3e-05,9.247,9.3367
20,3200,20.4848,1.3e-05,9.4663,9.3385
20,3300,20.4999,1.3e-05,9.2633,9.3387
20,3400,20.5151,1.3e-05,9.181,9.3387
20,3500,20.5302,1.3e-05,9.2665,9.3359
20,3600,20.5454,1.3e-05,9.2859,9.3363
20,3700,20.5605,1.3e-05,9.0881,9.3335
20,3800,20.5757,1.3e-05,9.3747,9.3335
20,3900,20.5908,1.3e-05,9.3044,9.3329
20,4000,20.6060,1.3e-05,9.1616,9.3323
20,4100,20.6211,1.3e-05,9.1461,9.3329
20,4200,20.6363,1.3e-05,9.4107,9.3327
20,4300,20.6514,1.3e-05,9.3017,9.3322
20,4400,20.6666,1.3e-05,9.2105,9.3346
20,4500,20.6817,1.3e-05,9.318,9.3355
20,4600,20.6969,1.3e-05,9.2493,9.3358
20,4700,20.7120,1.3e-05,9.3386,9.3364
20,4800,20.7272,1.3e-05,9.3605,9.3366
20,4900,20.7423,1.3e-05,9.268,9.336
20,5000,20.7575,1.3e-05,9.285,9.3368
20,5100,20.7726,1.3e-05,9.3739,9.3362
20,5200,20.7878,1.3e-05,9.127,9.3353
20,5300,20.8029,1.3e-05,9.225,9.3345
20,5400,20.8181,1.3e-05,9.414,9.3348
20,5500,20.8332,1.3e-05,9.2866,9.3334
20,5600,20.8484,1.3e-05,9.3646,9.3335
20,5700,20.8635,1.3e-05,9.292,9.3333
20,5800,20.8787,1.3e-05,9.3259,9.332
20,5900,20.8938,1.3e-05,9.1806,9.3316
20,6000,20.9090,1.3e-05,9.3045,9.3308
20,6100,20.9241,1.3e-05,9.1843,9.3299
20,6200,20.9393,1.3e-05,9.3315,9.3301
20,6300,20.9544,1.3e-05,9.2147,9.3294
20,6400,20.9696,1.3e-05,9.3468,9.3297
20,6500,20.9847,1.3e-05,9.1887,9.3297
20,6600,20.9998,1.3e-05,9.1843,9.3288
21,0,21.0000,1.3e-05,8.6355,8.6355
21,100,21.0151,1.3e-05,9.2644,9.3412
21,200,21.0303,1.3e-05,9.0759,9.3318
21,300,21.0454,1.3e-05,9.1184,9.3101
21,400,21.0606,1.3e-05,9.109,9.3164
21,500,21.0757,1.3e-05,9.1769,9.3274
21,600,21.0909,1.3e-05,9.2822,9.3315
21,700,21.1060,1.3e-05,9.2481,9.3297
21,800,21.1212,1.3e-05,9.292,9.3242
21,900,21.1363,1.3e-05,9.1699,9.311
21,1000,21.1515,1.3e-05,9.0953,9.3075
21,1100,21.1666,1.3e-05,9.2158,9.3031
21,1200,21.1818,1.3e-05,9.2602,9.3009
21,1300,21.1969,1.3e-05,9.1177,9.298
21,1400,21.2121,1.3e-05,9.1387,9.2962
21,1500,21.2272,1.3e-05,9.2019,9.3003
21,1600,21.2424,1.3e-05,9.396,9.3025
21,1700,21.2575,1.3e-05,9.1179,9.3022
21,1800,21.2727,1.3e-05,9.3755,9.3048
21,1900,21.2878,1.3e-05,9.1325,9.3036
21,2000,21.3030,1.3e-05,9.4914,9.3081
21,2100,21.3181,1.3e-05,9.3058,9.3077
21,2200,21.3333,1.3e-05,9.2591,9.3065
21,2300,21.3484,1.3e-05,9.3086,9.3049
21,2400,21.3636,1.3e-05,9.304,9.3013
21,2500,21.3787,1.3e-05,9.2187,9.3043
21,2600,21.3939,1.3e-05,9.315,9.3046
21,2700,21.4090,1.3e-05,9.3516,9.3067
21,2800,21.4242,1.3e-05,9.3753,9.3048
21,2900,21.4393,1.3e-05,9.0546,9.3018
21,3000,21.4545,1.3e-05,9.2228,9.3037
21,3100,21.4696,1.3e-05,9.1352,9.2996
21,3200,21.4848,1.3e-05,9.3395,9.2994
21,3300,21.4999,1.3e-05,9.2898,9.2991
21,3400,21.5151,1.3e-05,9.1041,9.2981
21,3500,21.5302,1.3e-05,9.3848,9.2977
21,3600,21.5454,1.3e-05,9.282,9.297
21,3700,21.5605,1.3e-05,9.3389,9.2961
21,3800,21.5757,1.3e-05,9.1518,9.2954
21,3900,21.5908,1.3e-05,9.1396,9.294
21,4000,21.6060,1.3e-05,9.3396,9.2937
21,4100,21.6211,1.3e-05,9.2633,9.294
21,4200,21.6363,1.3e-05,9.289,9.2946
21,4300,21.6514,1.3e-05,9.276,9.2945
21,4400,21.6666,1.3e-05,9.1292,9.2935
21,4500,21.6817,1.3e-05,9.1772,9.2938
21,4600,21.6969,1.3e-05,9.1897,9.2926
21,4700,21.7120,1.3e-05,9.3252,9.292
21,4800,21.7272,1.3e-05,9.1429,9.2924
21,4900,21.7423,1.3e-05,9.2716,9.2914
21,5000,21.7575,1.3e-05,9.247,9.2904
21,5100,21.7726,1.3e-05,9.2595,9.29
21,5200,21.7878,1.3e-05,9.2494,9.2909
21,5300,21.8029,1.3e-05,9.1979,9.2905
21,5400,21.8181,1.3e-05,9.2128,9.2913
21,5500,21.8332,1.3e-05,9.3015,9.291
21,5600,21.8484,1.3e-05,9.2739,9.2923
21,5700,21.8635,1.3e-05,9.3905,9.2919
21,5800,21.8787,1.3e-05,9.2005,9.2928
21,5900,21.8938,1.3e-05,9.2041,9.2927
21,6000,21.9090,1.3e-05,9.2204,9.2946
21,6100,21.9241,1.3e-05,9.0933,9.2942
21,6200,21.9393,1.3e-05,9.1862,9.2936
21,6300,21.9544,1.3e-05,9.3142,9.2941
21,6400,21.9696,1.3e-05,9.3664,9.2942
21,6500,21.9847,1.3e-05,9.1958,9.2942
21,6600,21.9998,1.3e-05,9.1906,9.294
22,0,22.0000,1.3e-05,9.0296,9.0296
22,100,22.0151,1.3e-05,9.1979,9.3032
22,200,22.0303,1.3e-05,9.1246,9.2434
22,300,22.0454,1.3e-05,9.2114,9.2719
22,400,22.0606,1.3e-05,9.1374,9.2664
22,500,22.0757,1.3e-05,9.1981,9.2619
22,600,22.0909,1.3e-05,9.2733,9.2664
22,700,22.1060,1.3e-05,9.3153,9.2759
22,800,22.1212,1.3e-05,9.2858,9.2778
22,900,22.1363,1.3e-05,9.0463,9.2698
22,1000,22.1515,1.3e-05,9.2619,9.2702
22,1100,22.1666,1.3e-05,9.0966,9.2713
22,1200,22.1818,1.3e-05,9.495,9.2788
22,1300,22.1969,1.3e-05,9.5723,9.2784
22,1400,22.2121,1.3e-05,9.2012,9.2781
22,1500,22.2272,1.3e-05,9.2002,9.28
22,1600,22.2424,1.3e-05,9.0706,9.2749
22,1700,22.2575,1.3e-05,9.1277,9.2738
22,1800,22.2727,1.3e-05,9.0993,9.271
22,1900,22.2878,1.3e-05,9.3227,9.2721
22,2000,22.3030,1.3e-05,9.1662,9.274
22,2100,22.3181,1.3e-05,9.1772,9.2751
22,2200,22.3333,1.3e-05,9.3155,9.2741
22,2300,22.3484,1.3e-05,9.3274,9.2738
22,2400,22.3636,1.3e-05,9.1044,9.275
22,2500,22.3787,1.3e-05,9.2002,9.2754
22,2600,22.3939,1.3e-05,9.1884,9.2724
22,2700,22.4090,1.3e-05,9.2,9.2723
22,2800,22.4242,1.3e-05,9.2157,9.2726
22,2900,22.4393,1.3e-05,9.2896,9.2726
22,3000,22.4545,1.3e-05,9.253,9.2732
22,3100,22.4696,1.3e-05,9.082,9.2752
22,3200,22.4848,1.3e-05,9.2555,9.2751
22,3300,22.4999,1.3e-05,9.1734,9.277
22,3400,22.5151,1.3e-05,9.1476,9.2801
22,3500,22.5302,1.3e-05,9.0724,9.2829
22,3600,22.5454,1.3e-05,9.1825,9.2823
22,3700,22.5605,1.3e-05,9.3847,9.2824
22,3800,22.5757,1.3e-05,9.0446,9.2828
22,3900,22.5908,1.3e-05,9.3233,9.2832
22,4000,22.6060,1.3e-05,9.1013,9.2816
22,4100,22.6211,1.3e-05,9.2666,9.2819
22,4200,22.6363,1.3e-05,9.2759,9.2805
22,4300,22.6514,1.3e-05,9.1585,9.2805
22,4400,22.6666,1.3e-05,9.0141,9.2802
22,4500,22.6817,1.3e-05,9.2133,9.2793
22,4600,22.6969,1.3e-05,9.2876,9.2789
22,4700,22.7120,1.3e-05,9.1459,9.2788
22,4800,22.7272,1.3e-05,9.2061,9.2797
22,4900,22.7423,1.3e-05,9.0763,9.2785
22,5000,22.7575,1.3e-05,9.0064,9.2779
22,5100,22.7726,1.3e-05,9.2432,9.2792
22,5200,22.7878,1.3e-05,9.2096,9.2793
22,5300,22.8029,1.3e-05,9.3058,9.2796
22,5400,22.8181,1.3e-05,9.197,9.2794
22,5500,22.8332,1.3e-05,9.0972,9.2776
22,5600,22.8484,1.3e-05,9.1799,9.2759
22,5700,22.8635,1.3e-05,9.1642,9.2742
22,5800,22.8787,1.3e-05,9.3643,9.2747
22,5900,22.8938,1.3e-05,9.1149,9.2744
22,6000,22.9090,1.3e-05,9.4,9.2747
22,6100,22.9241,1.3e-05,9.0736,9.2744
22,6200,22.9393,1.3e-05,9.1875,9.2742
22,6300,22.9544,1.3e-05,9.2194,9.2732
22,6400,22.9696,1.3e-05,9.1673,9.2729
22,6500,22.9847,1.3e-05,9.3336,9.2714
22,6600,22.9998,1.3e-05,9.1012,9.2722
23,100,23.0151,1.3e-05,9.1941,9.2363
23,200,23.0303,1.3e-05,9.0789,9.2142
23,300,23.0454,1.3e-05,9.1654,9.2226
23,400,23.0606,1.3e-05,9.1921,9.2209
23,500,23.0757,1.3e-05,9.1231,9.238
23,600,23.0909,1.3e-05,9.0648,9.2389
23,700,23.1060,1.3e-05,9.2697,9.2334
23,800,23.1212,1.3e-05,9.1361,9.2267
23,900,23.1363,1.3e-05,9.1906,9.2361
23,1000,23.1515,1.3e-05,9.1429,9.2358
23,1100,23.1666,1.3e-05,9.1573,9.2346
23,1200,23.1818,1.3e-05,9.0773,9.2362
23,1300,23.1969,1.3e-05,9.0905,9.2392
23,1400,23.2121,1.3e-05,9.0705,9.2345
23,1500,23.2272,1.3e-05,9.1981,9.2335
23,1600,23.2424,1.3e-05,9.2735,9.2323
23,1700,23.2575,1.3e-05,9.2725,9.2338
23,1800,23.2727,1.3e-05,9.3685,9.2332
23,1900,23.2878,1.3e-05,9.3049,9.2384
23,2000,23.3030,1.3e-05,9.2096,9.2424
23,2100,23.3181,1.3e-05,9.1909,9.2459
23,2200,23.3333,1.3e-05,9.266,9.2464
23,2300,23.3484,1.3e-05,9.2999,9.2473
23,2400,23.3636,1.3e-05,9.169,9.2466
23,2500,23.3787,1.3e-05,9.2145,9.2459
23,2600,23.3939,1.3e-05,9.1478,9.2462
23,2700,23.4090,1.3e-05,9.1174,9.2461
23,2800,23.4242,1.3e-05,9.2616,9.2495
23,2900,23.4393,1.3e-05,9.1496,9.2498
23,3000,23.4545,1.3e-05,9.3156,9.2526
23,3100,23.4696,1.3e-05,8.8991,9.2526
23,3200,23.4848,1.3e-05,9.0313,9.2524
23,3300,23.4999,1.3e-05,9.0311,9.2526
23,3400,23.5151,1.3e-05,9.1487,9.2507
23,3500,23.5302,1.3e-05,9.1971,9.2508
23,3600,23.5454,1.3e-05,8.9896,9.2473
23,3700,23.5605,1.3e-05,9.11,9.2451
23,3800,23.5757,1.3e-05,9.0622,9.2445
23,3900,23.5908,1.3e-05,9.1763,9.2484
23,4000,23.6060,1.3e-05,8.9847,9.2482
23,4100,23.6211,1.3e-05,8.9936,9.2486
23,4200,23.6363,1.3e-05,9.2583,9.2499
23,4300,23.6514,1.3e-05,9.2997,9.2508
23,4400,23.6666,1.3e-05,9.1422,9.2506
23,4500,23.6817,1.3e-05,9.3673,9.2495
23,4600,23.6969,1.3e-05,9.3496,9.2503
23,4700,23.7120,1.3e-05,9.3811,9.251
23,4800,23.7272,1.3e-05,9.0387,9.2513
23,4900,23.7423,1.3e-05,9.0013,9.2501
23,5000,23.7575,1.3e-05,9.1344,9.2501
23,5100,23.7726,1.3e-05,9.1242,9.2507
23,5200,23.7878,1.3e-05,9.1933,9.2504
23,5300,23.8029,1.3e-05,9.2418,9.2506
23,5400,23.8181,1.3e-05,9.1064,9.2481
23,5500,23.8332,1.3e-05,9.0535,9.2478
23,5600,23.8484,1.3e-05,9.1149,9.2484
23,5700,23.8635,1.3e-05,9.1232,9.2473
23,5800,23.8787,1.3e-05,9.2573,9.247
23,5900,23.8938,1.3e-05,9.1331,9.247
23,6000,23.9090,1.3e-05,9.1255,9.2469
23,6100,23.9241,1.3e-05,9.1936,9.2472
23,6200,23.9393,1.3e-05,9.209,9.2458
23,6300,23.9544,1.3e-05,9.2043,9.2457
23,6400,23.9696,1.3e-05,9.0752,9.2462
23,6500,23.9847,1.3e-05,9.0141,9.2462
23,6600,23.9998,1.3e-05,9.154,9.2451
24,0,24.0000,1e-05,9.1763,9.1763
24,100,24.0151,1e-05,9.0862,9.1957
24,200,24.0303,1e-05,8.9989,9.1733
24,300,24.0454,1e-05,8.9434,9.1816
24,400,24.0606,1e-05,9.2455,9.1894
24,500,24.0757,1e-05,9.0106,9.1711
24,600,24.0909,1e-05,9.2139,9.1597
24,700,24.1060,1e-05,9.0931,9.148
24,800,24.1212,1e-05,9.1366,9.1523
24,900,24.1363,1e-05,9.1524,9.1568
24,1000,24.1515,1e-05,9.1047,9.1544
24,1100,24.1666,1e-05,9.0831,9.1517
24,1200,24.1818,1e-05,9.0691,9.1554
24,1300,24.1969,1e-05,9.1297,9.157
24,1400,24.2121,1e-05,8.9714,9.1581
24,1500,24.2272,1e-05,8.9476,9.1533
24,1600,24.2424,1e-05,9.001,9.1555
24,1700,24.2575,1e-05,9.0965,9.1578
24,1800,24.2727,1e-05,9.0597,9.1586
24,1900,24.2878,1e-05,9.1441,9.161
24,2000,24.3030,1e-05,9.0462,9.1645
24,2100,24.3181,1e-05,9.0665,9.1638
24,2200,24.3333,1e-05,8.9858,9.1633
24,2300,24.3484,1e-05,9.015,9.1631
24,2400,24.3636,1e-05,9.1534,9.1639
24,2500,24.3787,1e-05,9.1979,9.1617
24,2600,24.3939,1e-05,9.1576,9.1608
24,2700,24.4090,1e-05,9.2545,9.1592
24,2800,24.4242,1e-05,9.0451,9.159
24,2900,24.4393,1e-05,9.0995,9.1599
24,3000,24.4545,1e-05,9.1905,9.1626
24,3100,24.4696,1e-05,9.1094,9.1629
24,3200,24.4848,1e-05,9.3032,9.1642
24,3300,24.4999,1e-05,9.1293,9.1642
24,3400,24.5151,1e-05,9.2187,9.1682
24,3500,24.5302,1e-05,9.1635,9.1666
24,3600,24.5454,1e-05,9.3289,9.1656
24,3700,24.5605,1e-05,9.175,9.1684
24,3800,24.5757,1e-05,9.2495,9.1679
24,3900,24.5908,1e-05,9.1886,9.1688
24,4000,24.6060,1e-05,8.9535,9.1693
24,4100,24.6211,1e-05,9.0074,9.1671
24,4200,24.6363,1e-05,8.9907,9.1648
24,4300,24.6514,1e-05,9.0695,9.1648
24,4400,24.6666,1e-05,8.9618,9.1631
24,4500,24.6817,1e-05,9.0977,9.1632
24,4600,24.6969,1e-05,9.2477,9.1635
24,4700,24.7120,1e-05,9.0187,9.162
24,4800,24.7272,1e-05,9.0561,9.1616
24,4900,24.7423,1e-05,9.238,9.1615
24,5000,24.7575,1e-05,9.0829,9.1604
24,5100,24.7726,1e-05,9.1681,9.1597
24,5200,24.7878,1e-05,8.8874,9.1588
24,5300,24.8029,1e-05,8.9729,9.1584
24,5400,24.8181,1e-05,9.0968,9.158
24,5500,24.8332,1e-05,9.1441,9.1588
24,5600,24.8484,1e-05,9.0723,9.1596
24,5700,24.8635,1e-05,9.1561,9.1586
24,5800,24.8787,1e-05,9.1281,9.1576
24,5900,24.8938,1e-05,9.059,9.1588
24,6000,24.9090,1e-05,9.1146,9.1595
24,6100,24.9241,1e-05,9.3422,9.1599
24,6200,24.9393,1e-05,9.2476,9.1598
24,6300,24.9544,1e-05,9.1809,9.1592
24,6400,24.9696,1e-05,8.9504,9.1597
24,6500,24.9847,1e-05,9.0915,9.1605
24,6600,24.9998,1e-05,8.9584,9.16
25,0,25.0000,1e-05,9.3258,9.3258
25,100,25.0151,1e-05,9.2444,9.1698
25,200,25.0303,1e-05,9.1842,9.1512
25,300,25.0454,1e-05,9.1966,9.1677
25,400,25.0606,1e-05,8.9748,9.1445
25,500,25.0757,1e-05,9.112,9.1453
25,600,25.0909,1e-05,9.1329,9.147
25,700,25.1060,1e-05,9.1494,9.1566
25,800,25.1212,1e-05,9.0595,9.1485
25,900,25.1363,1e-05,9.1534,9.1484
25,1000,25.1515,1e-05,8.9801,9.1478
25,1100,25.1666,1e-05,8.964,9.1354
25,1200,25.1818,1e-05,9.0122,9.1333
25,1300,25.1969,1e-05,9.0991,9.1358
25,1400,25.2121,1e-05,9.126,9.1369
25,1500,25.2272,1e-05,9.0439,9.1396
25,1600,25.2424,1e-05,8.9629,9.1347
25,1700,25.2575,1e-05,9.0274,9.1366
25,1800,25.2727,1e-05,9.0965,9.1359
25,1900,25.2878,1e-05,8.9789,9.1333
25,2000,25.3030,1e-05,9.0578,9.1327
25,2100,25.3181,1e-05,9.1061,9.1315
25,2200,25.3333,1e-05,9.0791,9.1299
25,2300,25.3484,1e-05,8.9881,9.1316
25,2400,25.3636,1e-05,9.092,9.1307
25,2500,25.3787,1e-05,9.0567,9.1281
25,2600,25.3939,1e-05,9.0785,9.1303
25,2700,25.4090,1e-05,9.0752,9.1308
25,2800,25.4242,1e-05,9.2042,9.132
25,2900,25.4393,1e-05,9.1376,9.1313
25,3000,25.4545,1e-05,9.0487,9.1315
25,3100,25.4696,1e-05,9.1609,9.1322
25,3200,25.4848,1e-05,9.2809,9.1328
25,3300,25.4999,1e-05,9.0282,9.1326
25,3400,25.5151,1e-05,8.993,9.1321
25,3500,25.5302,1e-05,8.9504,9.1322
25,3600,25.5454,1e-05,8.9168,9.1305
25,3700,25.5605,1e-05,9.2482,9.1288
25,3800,25.5757,1e-05,9.0248,9.1308
25,3900,25.5908,1e-05,9.0388,9.1315
25,4000,25.6060,1e-05,9.1107,9.1328
25,4100,25.6211,1e-05,9.2341,9.1339
25,4200,25.6363,1e-05,8.9988,9.1327
25,4300,25.6514,1e-05,9.1626,9.1325
25,4400,25.6666,1e-05,9.0187,9.1315
25,4500,25.6817,1e-05,8.9966,9.1309
25,4600,25.6969,1e-05,9.1718,9.1315
25,4700,25.7120,1e-05,9.056,9.1316
25,4800,25.7272,1e-05,8.9109,9.1314
25,4900,25.7423,1e-05,9.2111,9.1309
25,5000,25.7575,1e-05,9.0619,9.1311
25,5100,25.7726,1e-05,9.1953,9.1315
25,5200,25.7878,1e-05,9.1279,9.1331
25,5300,25.8029,1e-05,8.9059,9.1321
25,5400,25.8181,1e-05,9.0638,9.1312
25,5500,25.8332,1e-05,9.1849,9.1312
25,5600,25.8484,1e-05,9.1036,9.1303
25,5700,25.8635,1e-05,8.9052,9.1313
25,5800,25.8787,1e-05,9.0783,9.132
25,5900,25.8938,1e-05,8.9978,9.132
25,6000,25.9090,1e-05,8.9529,9.1319
25,6100,25.9241,1e-05,8.8622,9.1311
25,6200,25.9393,1e-05,9.2526,9.1309
25,6300,25.9544,1e-05,9.012,9.1305
25,6400,25.9696,1e-05,9.0658,9.1305
25,6500,25.9847,1e-05,9.1379,9.1311
25,6600,25.9998,1e-05,8.9677,9.132
26,0,26.0000,1e-05,9.0265,9.0265
26,100,26.0151,1e-05,8.9749,9.0866
26,200,26.0303,1e-05,9.1425,9.1262
26,300,26.0454,1e-05,9.07,9.1438
26,400,26.0606,1e-05,9.0125,9.1269
26,500,26.0757,1e-05,9.0058,9.1036
26,600,26.0909,1e-05,9.0704,9.111
26,700,26.1060,1e-05,9.2231,9.1214
26,800,26.1212,1e-05,9.1605,9.125
26,900,26.1363,1e-05,8.9963,9.1261
26,1000,26.1515,1e-05,9.0262,9.1236
26,1100,26.1666,1e-05,8.9528,9.1265
26,1200,26.1818,1e-05,8.9483,9.1227
26,1300,26.1969,1e-05,8.9682,9.123
26,1400,26.2121,1e-05,8.9997,9.1256
26,1500,26.2272,1e-05,8.895,9.1226
26,1600,26.2424,1e-05,9.1132,9.1233
26,1700,26.2575,1e-05,9.0045,9.1259
26,1800,26.2727,1e-05,9.0307,9.1281
26,1900,26.2878,1e-05,9.0361,9.128
26,2000,26.3030,1e-05,9.0374,9.1298
26,2100,26.3181,1e-05,9.0996,9.129
26,2200,26.3333,1e-05,9.0156,9.1269
26,2300,26.3484,1e-05,9.0294,9.1282
26,2400,26.3636,1e-05,8.9936,9.1279
26,2500,26.3787,1e-05,8.899,9.1258
26,2600,26.3939,1e-05,8.8627,9.1236
26,2700,26.4090,1e-05,8.9264,9.1234
26,2800,26.4242,1e-05,8.9596,9.1242
26,2900,26.4393,1e-05,9.1891,9.1242
26,3000,26.4545,1e-05,8.8875,9.1206
26,3100,26.4696,1e-05,9.1485,9.12
26,3200,26.4848,1e-05,8.9193,9.119
26,3300,26.4999,1e-05,8.9805,9.1176
26,3400,26.5151,1e-05,8.9996,9.1169
26,3500,26.5302,1e-05,9.3367,9.1161
26,3600,26.5454,1e-05,9.078,9.117
26,3700,26.5605,1e-05,8.9188,9.1146
26,3800,26.5757,1e-05,9.0371,9.1158
26,3900,26.5908,1e-05,9.0927,9.1167
26,4000,26.6060,1e-05,9.0883,9.1159
26,4100,26.6211,1e-05,8.9313,9.115
26,4200,26.6363,1e-05,9.0617,9.1148
26,4300,26.6514,1e-05,8.9657,9.1143
26,4400,26.6666,1e-05,9.1911,9.1142
26,4500,26.6817,1e-05,8.9264,9.1158
26,4600,26.6969,1e-05,9.0374,9.1146
26,4700,26.7120,1e-05,8.8395,9.1127
26,4800,26.7272,1e-05,9.1019,9.1136
26,4900,26.7423,1e-05,8.9705,9.1134
26,5000,26.7575,1e-05,9.1651,9.1126
26,5100,26.7726,1e-05,8.9133,9.1121
26,5200,26.7878,1e-05,8.9407,9.1103
26,5300,26.8029,1e-05,9.0153,9.1106
26,5400,26.8181,1e-05,8.9624,9.1091
26,5500,26.8332,1e-05,8.9914,9.108
26,5600,26.8484,1e-05,8.9807,9.1075
26,5700,26.8635,1e-05,8.9981,9.1078
26,5800,26.8787,1e-05,9.0701,9.1064
26,5900,26.8938,1e-05,9.0845,9.1069
26,6000,26.9090,1e-05,8.9443,9.1072
26,6100,26.9241,1e-05,9.1483,9.1074
26,6200,26.9393,1e-05,8.8821,9.1069
26,6300,26.9544,1e-05,8.9381,9.1069
26,6400,26.9696,1e-05,9.0523,9.1067
26,6500,26.9847,1e-05,9.1473,9.1064
26,6600,26.9998,1e-05,8.766,9.1057
27,0,27.0000,1e-05,9.2271,9.2271
27,100,27.0151,1e-05,9.1467,9.0473
27,200,27.0303,1e-05,9.069,9.0709
27,300,27.0454,1e-05,9.1342,9.0757
27,400,27.0606,1e-05,9.0087,9.1053
27,500,27.0757,1e-05,9.0539,9.1151
27,600,27.0909,1e-05,8.9654,9.1081
27,700,27.1060,1e-05,9.0765,9.1055
27,800,27.1212,1e-05,8.9266,9.0961
27,900,27.1363,1e-05,8.9729,9.0942
27,1000,27.1515,1e-05,9.0015,9.0885
27,1100,27.1666,1e-05,8.9764,9.0903
27,1200,27.1818,1e-05,9.0317,9.093
27,1300,27.1969,1e-05,8.9875,9.0972
27,1400,27.2121,1e-05,8.9575,9.096
27,1500,27.2272,1e-05,8.9754,9.0923
27,1600,27.2424,1e-05,8.9719,9.0877
27,1700,27.2575,1e-05,9.1108,9.0888
27,1800,27.2727,1e-05,9.1056,9.0887
27,1900,27.2878,1e-05,8.9221,9.0848
27,2000,27.3030,1e-05,8.7873,9.0864
27,2100,27.3181,1e-05,9.0764,9.0879
27,2200,27.3333,1e-05,8.9819,9.0886
27,2300,27.3484,1e-05,9.0179,9.0874
27,2400,27.3636,1e-05,8.9329,9.0859
27,2500,27.3787,1e-05,9.0404,9.0848
27,2600,27.3939,1e-05,9.0447,9.0823
27,2700,27.4090,1e-05,9.0012,9.0808
27,2800,27.4242,1e-05,9.0241,9.0833
27,2900,27.4393,1e-05,8.9601,9.0808
27,3000,27.4545,1e-05,8.9213,9.0814
27,3100,27.4696,1e-05,9.043,9.0815
27,3200,27.4848,1e-05,9.049,9.082
27,3300,27.4999,1e-05,9.1527,9.0844
27,3400,27.5151,1e-05,9.0715,9.0839
27,3500,27.5302,1e-05,9.1649,9.0853
27,3600,27.5454,1e-05,8.9579,9.0846
27,3700,27.5605,1e-05,8.9332,9.0846
27,3800,27.5757,1e-05,8.9754,9.0837
27,3900,27.5908,1e-05,8.8196,9.0839
27,4000,27.6060,1e-05,8.8732,9.0829
27,4100,27.6211,1e-05,8.9477,9.0822
27,4200,27.6363,1e-05,9.0664,9.0822
27,4300,27.6514,1e-05,8.9024,9.0811
27,4400,27.6666,1e-05,9.0521,9.0814
27,4500,27.6817,1e-05,9.0424,9.0822
27,4600,27.6969,1e-05,9.0213,9.0826
27,4700,27.7120,1e-05,9.026,9.0825
27,4800,27.7272,1e-05,9.1282,9.0831
27,4900,27.7423,1e-05,9.0603,9.0844
27,5000,27.7575,1e-05,9.0411,9.0852
27,5100,27.7726,1e-05,9.134,9.0854
27,5200,27.7878,1e-05,8.873,9.0845
27,5300,27.8029,1e-05,9.0223,9.0843
27,5400,27.8181,1e-05,9.1602,9.0847
27,5500,27.8332,1e-05,8.917,9.0852
27,5600,27.8484,1e-05,9.0296,9.0853
27,5700,27.8635,1e-05,8.9532,9.0855
27,5800,27.8787,1e-05,8.8823,9.0849
27,5900,27.8938,1e-05,9.0384,9.0841
27,6000,27.9090,1e-05,9.2269,9.0848
27,6100,27.9241,1e-05,8.9299,9.0846
27,6200,27.9393,1e-05,8.9989,9.084
27,6300,27.9544,1e-05,8.8997,9.0836
27,6400,27.9696,1e-05,8.6774,9.0832
27,6500,27.9847,1e-05,9.0385,9.0831
27,6600,27.9998,1e-05,8.9603,9.0822
28,0,28.0000,1e-05,9.3149,9.3149
28,100,28.0151,1e-05,9.1023,9.1088
28,200,28.0303,1e-05,9.0944,9.1086
28,300,28.0454,1e-05,8.9125,9.0938
28,400,28.0606,1e-05,8.8989,9.089
28,500,28.0757,1e-05,8.9949,9.0882
28,600,28.0909,1e-05,9.1011,9.0888
28,700,28.1060,1e-05,8.9313,9.0876
28,800,28.1212,1e-05,9.0365,9.082
28,900,28.1363,1e-05,9.0188,9.0849
28,1000,28.1515,1e-05,9.1019,9.086
28,1100,28.1666,1e-05,8.9993,9.0841
28,1200,28.1818,1e-05,9.1029,9.089
28,1300,28.1969,1e-05,8.841,9.0803
28,1400,28.2121,1e-05,9.0327,9.0799
28,1500,28.2272,1e-05,9.0299,9.0775
28,1600,28.2424,1e-05,8.9742,9.0765
28,1700,28.2575,1e-05,9.1074,9.0771
28,1800,28.2727,1e-05,9.0738,9.0711
28,1900,28.2878,1e-05,8.8954,9.0696
28,2000,28.3030,1e-05,8.8218,9.068
28,2100,28.3181,1e-05,9.0086,9.0685
28,2200,28.3333,1e-05,9.0088,9.0672
28,2300,28.3484,1e-05,8.9085,9.0647
28,2400,28.3636,1e-05,8.9401,9.0655
28,2500,28.3787,1e-05,9.1327,9.0674
28,2600,28.3939,1e-05,9.0345,9.0686
28,2700,28.4090,1e-05,9.0186,9.0691
28,2800,28.4242,1e-05,9.1687,9.0716
28,2900,28.4393,1e-05,9.106,9.0735
28,3000,28.4545,1e-05,8.9962,9.0733
28,3100,28.4696,1e-05,8.9963,9.0737
28,3200,28.4848,1e-05,9.0552,9.0765
28,3300,28.4999,1e-05,8.8974,9.0755
28,3400,28.5151,1e-05,9.0884,9.0754
28,3500,28.5302,1e-05,9.0139,9.0759
28,3600,28.5454,1e-05,9.0525,9.0743
28,3700,28.5605,1e-05,8.9363,9.0744
28,3800,28.5757,1e-05,9.0458,9.0744
28,3900,28.5908,1e-05,8.9648,9.0718
28,4000,28.6060,1e-05,8.9614,9.0713
28,4100,28.6211,1e-05,9.006,9.0704
28,4200,28.6363,1e-05,9.0263,9.0707
28,4300,28.6514,1e-05,8.7646,9.0699
28,4400,28.6666,1e-05,9.1499,9.0689
28,4500,28.6817,1e-05,8.8736,9.068
28,4600,28.6969,1e-05,8.9363,9.0669
28,4700,28.7120,1e-05,9.0092,9.0673
28,4800,28.7272,1e-05,8.7423,9.0657
28,4900,28.7423,1e-05,8.9828,9.0657
28,5000,28.7575,1e-05,9.0622,9.0674
28,5100,28.7726,1e-05,9.0745,9.0676
28,5200,28.7878,1e-05,8.8461,9.0658
28,5300,28.8029,1e-05,9.1099,9.0657
28,5400,28.8181,1e-05,9.016,9.0658
28,5500,28.8332,1e-05,9.0219,9.0647
28,5600,28.8484,1e-05,8.9893,9.0655
28,5700,28.8635,1e-05,9.0196,9.066
28,5800,28.8787,1e-05,9.0295,9.0648
28,5900,28.8938,1e-05,8.9787,9.0645
28,6000,28.9090,1e-05,9.0266,9.0638
28,6100,28.9241,1e-05,9.0901,9.063
28,6200,28.9393,1e-05,9.0141,9.0616
28,6300,28.9544,1e-05,9.0007,9.061
28,6400,28.9696,1e-05,8.7628,9.0602
28,6500,28.9847,1e-05,8.8096,9.06
28,6600,28.9998,1e-05,9.0718,9.061
29,0,29.0000,1e-05,8.9833,8.9833
29,100,29.0151,1e-05,8.9041,9.0182
29,200,29.0303,1e-05,9.038,9.0489
29,300,29.0454,1e-05,9.0127,9.0501
29,400,29.0606,1e-05,8.9718,9.0453
29,500,29.0757,1e-05,9.033,9.0334
29,600,29.0909,1e-05,8.9424,9.0348
29,700,29.1060,1e-05,8.9537,9.0303
29,800,29.1212,1e-05,8.9418,9.0446
29,900,29.1363,1e-05,8.8116,9.0404
29,1000,29.1515,1e-05,8.8942,9.0492
29,1100,29.1666,1e-05,8.8967,9.0423
29,1200,29.1818,1e-05,9.113,9.0473
29,1300,29.1969,1e-05,8.7848,9.0458
29,1400,29.2121,1e-05,8.8917,9.0474
29,1500,29.2272,1e-05,8.969,9.0505
29,1600,29.2424,1e-05,8.9543,9.0481
29,1700,29.2575,1e-05,9.0296,9.0438
29,1800,29.2727,1e-05,9.0237,9.045
29,1900,29.2878,1e-05,9.038,9.0459
29,2000,29.3030,1e-05,9.1181,9.0434
29,2100,29.3181,1e-05,8.9166,9.0426
29,2200,29.3333,1e-05,8.9777,9.0459
29,2300,29.3484,1e-05,9.0755,9.046
29,2400,29.3636,1e-05,9.0451,9.0417
29,2500,29.3787,1e-05,9.0181,9.0414
29,2600,29.3939,1e-05,8.9201,9.0409
29,2700,29.4090,1e-05,8.9534,9.044
29,2800,29.4242,1e-05,8.9067,9.0454
29,2900,29.4393,1e-05,9.026,9.0434
29,3000,29.4545,1e-05,9.1432,9.0458
29,3100,29.4696,1e-05,8.935,9.0476
29,3200,29.4848,1e-05,9.0093,9.046
29,3300,29.4999,1e-05,8.9014,9.0441
29,3400,29.5151,1e-05,9.0514,9.0446
29,3500,29.5302,1e-05,9.0514,9.0452
29,3600,29.5454,1e-05,8.8213,9.0416
29,3700,29.5605,1e-05,8.8455,9.039
29,3800,29.5757,1e-05,9.0113,9.0394
29,3900,29.5908,1e-05,8.8875,9.0386
29,4000,29.6060,1e-05,8.7964,9.0392
29,4100,29.6211,1e-05,8.9813,9.0393
29,4200,29.6363,1e-05,9.0726,9.0413
29,4300,29.6514,1e-05,8.9469,9.0414
29,4400,29.6666,1e-05,9.0619,9.0428
29,4500,29.6817,1e-05,8.9885,9.0436
29,4600,29.6969,1e-05,9.0784,9.0451
29,4700,29.7120,1e-05,9.1354,9.0457
29,4800,29.7272,1e-05,9.088,9.0457
29,4900,29.7423,1e-05,9.136,9.0463
29,5000,29.7575,1e-05,9.0802,9.0452
29,5100,29.7726,1e-05,8.9902,9.0454
29,5200,29.7878,1e-05,8.9973,9.0462
29,5300,29.8029,1e-05,8.9451,9.0456
29,5400,29.8181,1e-05,8.9175,9.0462
29,5500,29.8332,1e-05,9.0222,9.0457
29,5600,29.8484,1e-05,8.7835,9.0447
29,5700,29.8635,1e-05,9.2434,9.047
29,5800,29.8787,1e-05,8.8278,9.0466
29,5900,29.8938,1e-05,8.9267,9.0467
29,6000,29.9090,1e-05,9.0369,9.0457
29,6100,29.9241,1e-05,8.9148,9.0458
29,6200,29.9393,1e-05,8.853,9.0461
29,6300,29.9544,1e-05,9.0206,9.0459
29,6400,29.9696,1e-05,8.8729,9.046
29,6500,29.9847,1e-05,8.9153,9.0449
29,6600,29.9998,1e-05,8.9981,9.0445
